date,region,state_po,special,runoff,offyear,candidate,party,writein,voteshare,candidatevotes,totalvotes,version,hidden
11/08/2022,Alaska,AK,FALSE,FALSE,FALSE,Dunleavy,republican,FALSE,0.502866329,,,,TRUE
11/08/2022,Alaska,AK,FALSE,FALSE,FALSE,Gara,democratic,FALSE,0.242087264,,,,TRUE
11/08/2022,Alaska,AK,FALSE,FALSE,FALSE,Walker,independent,FALSE,0.207270466,,,,TRUE
11/08/2022,Alaska,AK,FALSE,FALSE,FALSE,Pierce,republican,FALSE,0.044803452,,,,TRUE
11/08/2022,Alabama,AL,FALSE,FALSE,FALSE,Ivey,republican,FALSE,0.669076079,,,,TRUE
11/08/2022,Alabama,AL,FALSE,FALSE,FALSE,Flowers,democratic,FALSE,0.291786872,,,,TRUE
11/08/2022,Alabama,AL,FALSE,FALSE,FALSE,Blake,libertarian,FALSE,0.032472657,,,,TRUE
11/08/2022,Arkansas,AR,FALSE,FALSE,FALSE,Sanders,republican,FALSE,0.629638041,,,,TRUE
11/08/2022,Arkansas,AR,FALSE,FALSE,FALSE,Jones,democratic,FALSE,0.351961386,,,,TRUE
11/08/2022,Arkansas,AR,FALSE,FALSE,FALSE,Harrington,libertarian,FALSE,0.018400572,,,,TRUE
11/08/2022,Arizona,AZ,FALSE,FALSE,FALSE,Hobbs,democratic,FALSE,0.503183648,,,,TRUE
11/08/2022,Arizona,AZ,FALSE,FALSE,FALSE,Lake,republican,FALSE,0.496495975,,,,TRUE
11/08/2022,California,CA,FALSE,FALSE,FALSE,Newsom,democratic,FALSE,0.591794873,,,,TRUE
11/08/2022,California,CA,FALSE,FALSE,FALSE,Dahle,republican,FALSE,0.408205127,,,,TRUE
11/08/2022,Colorado,CO,FALSE,FALSE,FALSE,Polis,democratic,FALSE,0.585325032,,,,TRUE
11/08/2022,Colorado,CO,FALSE,FALSE,FALSE,Moore,republican,FALSE,0.391832049,,,,TRUE
11/08/2022,Colorado,CO,FALSE,FALSE,FALSE,Ruskusky,libertarian,FALSE,0.011534859,,,,TRUE
11/08/2022,Connecticut,CT,FALSE,FALSE,FALSE,Lamont,democratic,FALSE,0.55968943,,,,TRUE
11/08/2022,Connecticut,CT,FALSE,FALSE,FALSE,Stefanowski,republican,FALSE,0.43046104,,,,TRUE
11/08/2022,Florida,FL,FALSE,FALSE,FALSE,DeSantis,republican,FALSE,0.593742517,,,,TRUE
11/08/2022,Florida,FL,FALSE,FALSE,FALSE,Crist,democratic,FALSE,0.399710914,,,,TRUE
11/08/2022,Georgia,GA,FALSE,FALSE,FALSE,Kemp,republican,FALSE,0.534114364,,,,TRUE
11/08/2022,Georgia,GA,FALSE,FALSE,FALSE,Abrams,democratic,FALSE,0.458761909,,,,TRUE
11/08/2022,Hawaii,HI,FALSE,FALSE,FALSE,Green,democratic,FALSE,0.632117988,,,,TRUE
11/08/2022,Hawaii,HI,FALSE,FALSE,FALSE,Aiona,republican,FALSE,0.367882012,,,,TRUE
11/08/2022,Idaho,ID,FALSE,FALSE,FALSE,Little,republican,FALSE,0.605170473,,,,TRUE
11/08/2022,Idaho,ID,FALSE,FALSE,FALSE,Heidt,democratic,FALSE,0.20278218,,,,TRUE
11/08/2022,Idaho,ID,FALSE,FALSE,FALSE,Bundy,independent,FALSE,0.171856885,,,,TRUE
11/08/2022,Idaho,ID,FALSE,FALSE,FALSE,Sand,libertarian,FALSE,0.011330556,,,,TRUE
11/08/2022,Illinois,IL,FALSE,FALSE,FALSE,Pritzker,democratic,FALSE,0.549073779,,,,TRUE
11/08/2022,Illinois,IL,FALSE,FALSE,FALSE,Bailey,republican,FALSE,0.423690432,,,,TRUE
11/08/2022,Illinois,IL,FALSE,FALSE,FALSE,Schluter,libertarian,FALSE,0.027216055,,,,TRUE
11/08/2022,Iowa,IA,FALSE,FALSE,FALSE,Reynolds,republican,FALSE,0.580423026,,,,TRUE
11/08/2022,Iowa,IA,FALSE,FALSE,FALSE,DeJear,democratic,FALSE,0.395256755,,,,TRUE
11/08/2022,Iowa,IA,FALSE,FALSE,FALSE,Stewart,libertarian,FALSE,0.023732592,,,,TRUE
11/08/2022,Kansas,KS,FALSE,FALSE,FALSE,Kelly,democratic,FALSE,0.495391468,,,,TRUE
11/08/2022,Kansas,KS,FALSE,FALSE,FALSE,Schmidt,republican,FALSE,0.473331959,,,,TRUE
11/08/2022,Kansas,KS,FALSE,FALSE,FALSE,Pyle,independent,FALSE,0.020269614,,,,TRUE
11/08/2022,Kansas,KS,FALSE,FALSE,FALSE,Cordell,libertarian,FALSE,0.011006959,,,,TRUE
11/08/2022,Maine,ME,FALSE,FALSE,FALSE,Mills,democratic,FALSE,0.556919945,,,,TRUE
11/08/2022,Maine,ME,FALSE,FALSE,FALSE,LePage,republican,FALSE,0.424491629,,,,TRUE
11/08/2022,Maine,ME,FALSE,FALSE,FALSE,Hunkler,independent,FALSE,0.018588426,,,,TRUE
11/08/2022,Maryland,MD,FALSE,FALSE,FALSE,Moore,democratic,FALSE,0.645286833,,,,TRUE
11/08/2022,Maryland,MD,FALSE,FALSE,FALSE,Cox,republican,FALSE,0.321161287,,,,TRUE
11/08/2022,Maryland,MD,FALSE,FALSE,FALSE,Lashar,libertarian,FALSE,0.015011298,,,,TRUE
11/08/2022,Massachusetts,MA,FALSE,FALSE,FALSE,Healey,democratic,FALSE,0.637382553,,,,TRUE
11/08/2022,Massachusetts,MA,FALSE,FALSE,FALSE,Diehl,republican,FALSE,0.345701337,,,,TRUE
11/08/2022,Massachusetts,MA,FALSE,FALSE,FALSE,Reed,libertarian,FALSE,0.015787297,,,,TRUE
11/08/2022,Michigan,MI,FALSE,FALSE,FALSE,Whitmer,democratic,FALSE,0.544715431,,,,TRUE
11/08/2022,Michigan,MI,FALSE,FALSE,FALSE,Dixon,republican,FALSE,0.439409974,,,,TRUE
11/08/2022,Minnesota,MI,FALSE,FALSE,FALSE,Walz,democratic,FALSE,0.522710553,,,,TRUE
11/08/2022,Minnesota,MI,FALSE,FALSE,FALSE,Jensen,republican,FALSE,0.446074161,,,,TRUE
11/08/2022,Minnesota,MI,FALSE,FALSE,FALSE,McCaskel,legal marijuana now,FALSE,0.011688555,,,,TRUE
11/08/2022,Nebraska,NE,FALSE,FALSE,FALSE,Pillen,republican,FALSE,0.597386003,,,,TRUE
11/08/2022,Nebraska,NE,FALSE,FALSE,FALSE,Blood,democratic,FALSE,0.362939134,,,,TRUE
11/08/2022,Nebraska,NE,FALSE,FALSE,FALSE,Zimmerman,libertarian,FALSE,0.039659865,,,,TRUE
11/08/2022,Nevada,NV,FALSE,FALSE,FALSE,Lombardo,republican,FALSE,0.488069035,,,,TRUE
11/08/2022,Nevada,NV,FALSE,FALSE,FALSE,Sisolak,democratic,FALSE,0.472970971,,,,TRUE
11/08/2022,Nevada,NV,FALSE,FALSE,FALSE,Davis,libertarian,FALSE,0.014639804,,,,TRUE
11/08/2022,Nevada,NV,FALSE,FALSE,FALSE,None,independent,FALSE,0.014587796,,,,TRUE
11/08/2022,New Hampshire,NH,FALSE,FALSE,FALSE,Sununu,republican,FALSE,0.569848256,,,,TRUE
11/08/2022,New Hampshire,NH,FALSE,FALSE,FALSE,Sherman,democratic,FALSE,0.414717307,,,,TRUE
11/08/2022,New Mexico,NM,FALSE,FALSE,FALSE,Grisham,democratic,FALSE,0.519712014,,,,TRUE
11/08/2022,New Mexico,NM,FALSE,FALSE,FALSE,Ronchetti,republican,FALSE,0.45587682,,,,TRUE
11/08/2022,New Mexico,NM,FALSE,FALSE,FALSE,Bedonie,libertarian,FALSE,0.024411167,,,,TRUE
11/08/2022,New York,NY,FALSE,FALSE,FALSE,Hochul,democratic,FALSE,0.532003579,,,,TRUE
11/08/2022,New York,NY,FALSE,FALSE,FALSE,Zeldin,republican,FALSE,0.467996421,,,,TRUE
11/08/2022,Ohio,OH,FALSE,FALSE,FALSE,DeWine,republican,FALSE,0.624063062,,,,TRUE
11/08/2022,Ohio,OH,FALSE,FALSE,FALSE,Whaley,democratic,FALSE,0.373769038,,,,TRUE
11/08/2022,Oklahoma,OK,FALSE,FALSE,FALSE,Stitt,republican,FALSE,0.554489614,,,,TRUE
11/08/2022,Oklahoma,OK,FALSE,FALSE,FALSE,Hofmeister,democratic,FALSE,0.417853712,,,,TRUE
11/08/2022,Oklahoma,OK,FALSE,FALSE,FALSE,Bruno,libertarian,FALSE,0.014084128,,,,TRUE
11/08/2022,Oklahoma,OK,FALSE,FALSE,FALSE,Yen,independent,FALSE,0.013572546,,,,TRUE
11/08/2022,Oregon,OR,FALSE,FALSE,FALSE,Kotek,democratic,FALSE,0.469600073,,,,TRUE
11/08/2022,Oregon,OR,FALSE,FALSE,FALSE,Drazan,republican,FALSE,0.435431616,,,,TRUE
11/08/2022,Oregon,OR,FALSE,FALSE,FALSE,Johnson,independent,FALSE,0.086247358,,,,TRUE
11/08/2022,Pennsylvania,PA,FALSE,FALSE,FALSE,Shapiro,democratic,FALSE,0.564859465,,,,TRUE
11/08/2022,Pennsylvania,PA,FALSE,FALSE,FALSE,Mastriano,republican,FALSE,0.417145421,,,,TRUE
11/08/2022,Rhode Island,RI,FALSE,FALSE,FALSE,McKee,democratic,FALSE,0.579209886,,,,TRUE
11/08/2022,Rhode Island,RI,FALSE,FALSE,FALSE,Kalus,republican,FALSE,0.388629183,,,,TRUE
11/08/2022,Rhode Island,RI,FALSE,FALSE,FALSE,Hurwitz,independent,FALSE,0.01261498,,,,TRUE
11/08/2022,South Carolina,SC,FALSE,FALSE,FALSE,McMaster,republican,FALSE,0.580381425,,,,TRUE
11/08/2022,South Carolina,SC,FALSE,FALSE,FALSE,Cunningham,democratic,FALSE,0.406701652,,,,TRUE
11/08/2022,South Carolina,SC,FALSE,FALSE,FALSE,Reeves,libertarian,FALSE,0.012227629,,,,TRUE
11/08/2022,South Dakota,SD,FALSE,FALSE,FALSE,Noem,republican,FALSE,0.619806035,,,,TRUE
11/08/2022,South Dakota,SD,FALSE,FALSE,FALSE,Smith,democratic,FALSE,0.35168463,,,,TRUE
11/08/2022,South Dakota,SD,FALSE,FALSE,FALSE,Quint,libertarian,FALSE,0.028509336,,,,TRUE
11/08/2022,Tennessee,TN,FALSE,FALSE,FALSE,Lee,republican,FALSE,0.649118733,,,,TRUE
11/08/2022,Tennessee,TN,FALSE,FALSE,FALSE,Martin,democratic,FALSE,0.329228074,,,,TRUE
11/08/2022,Texas,TX,FALSE,FALSE,FALSE,Abbott,republican,FALSE,0.547593407,,,,TRUE
11/08/2022,Texas,TX,FALSE,FALSE,FALSE,O'Rourke,democratic,FALSE,0.438565513,,,,TRUE
11/08/2022,Texas,TX,FALSE,FALSE,FALSE,Tippetts,libertarian,FALSE,0.010111432,,,,TRUE
11/08/2022,Vermont,VT,FALSE,FALSE,FALSE,Scott,republican,FALSE,0.709783322,,,,TRUE
11/08/2022,Vermont,VT,FALSE,FALSE,FALSE,Siegel,democratic,FALSE,0.23963399,,,,TRUE
11/08/2022,Vermont,VT,FALSE,FALSE,FALSE,Hoyt,independent,FALSE,0.021144589,,,,TRUE
11/08/2022,Vermont,VT,FALSE,FALSE,FALSE,Duval,independent,FALSE,0.016583509,,,,TRUE
11/08/2022,Wisconsin,WI,FALSE,FALSE,FALSE,Evers,democratic,FALSE,0.511492232,,,,TRUE
11/08/2022,Wisconsin,WI,FALSE,FALSE,FALSE,Michels,republican,FALSE,0.477522972,,,,TRUE
11/08/2022,Wisconsin,WI,FALSE,FALSE,FALSE,Beglinger,independent,FALSE,0.010238322,,,,TRUE
11/08/2022,Wyoming,WY,FALSE,FALSE,FALSE,Gordon,republican,FALSE,0.740701031,,,,TRUE
11/08/2022,Wyoming,WY,FALSE,FALSE,FALSE,Livingston,democratic,FALSE,0.158175258,,,,TRUE
11/08/2022,Wyoming,WY,FALSE,FALSE,FALSE,Write-In,independent,TRUE,0.05907732,,,,TRUE
11/08/2022,Wyoming,WY,FALSE,FALSE,FALSE,Baldes,libertarian,FALSE,0.042046392,,,,TRUE
11/08/2022,National Popular Vote,NPV,FALSE,FALSE,FALSE,Democratic,democrat,FALSE,0.4929,,,,TRUE
11/08/2022,National Popular Vote,NPV,FALSE,FALSE,FALSE,Republican,republican,FALSE,0.4905,,,,TRUE
11/07/2023,Louisiana,LA,FALSE,FALSE,FALSE,Landry,republican,FALSE,0.515602853,,,,TRUE
11/07/2023,Louisiana,LA,FALSE,FALSE,FALSE,Wilson,democratic,FALSE,0.259318135,,,,TRUE
11/07/2023,Louisiana,LA,FALSE,FALSE,FALSE,Waguespack,republican,FALSE,0.058623169,,,,TRUE
11/07/2023,Louisiana,LA,FALSE,FALSE,FALSE,Schroder,republican,FALSE,0.053321512,,,,TRUE
11/07/2023,Louisiana,LA,FALSE,FALSE,FALSE,Lundy,independent,FALSE,0.049096563,,,,TRUE
11/07/2023,Louisiana,LA,FALSE,FALSE,FALSE,Cole,democratic,FALSE,0.026034873,,,,TRUE
11/07/2023,Louisiana,LA,FALSE,FALSE,FALSE,Hewitt,republican,FALSE,0.01738168,,,,TRUE
11/07/2023,Kentucky,KY,FALSE,FALSE,FALSE,Beshear,democratic,FALSE,0.525318433,,,,TRUE
11/07/2023,Kentucky,KY,FALSE,FALSE,FALSE,Cameron,republican,FALSE,0.474619541,,,,TRUE
11/07/2023,Mississippi,MS,FALSE,FALSE,FALSE,Reeves,republican,FALSE,0.509419001,,,,TRUE
11/07/2023,Mississippi,MS,FALSE,FALSE,FALSE,Presley,democratic,FALSE,0.476996346,,,,TRUE
11/07/2023,Mississippi,MS,FALSE,FALSE,FALSE,Gray,independent,FALSE,0.013584653,,,,TRUE
11/07/2023,National Popular Vote,NPV,FALSE,FALSE,FALSE,Republican,republican,FALSE,0.5434,,,,TRUE
11/07/2023,National Popular Vote,NPV,FALSE,FALSE,FALSE,Democratic,democrat,FALSE,0.4334,,,,TRUE
11/05/2024,Delaware,DE,FALSE,FALSE,FALSE,Meyer,democratic,FALSE,0.5607007129463435,279585,498635,JJCooley,TRUE
11/05/2024,Delaware,DE,FALSE,FALSE,FALSE,Ramone,republican,FALSE,0.43929928705365656,219050,498635,JJCooley,TRUE
11/05/2024,Indiana,IN,FALSE,FALSE,FALSE,McCormick,democratic,FALSE,0.41107042336668803,1183741,2879655,JJCooley,TRUE
11/05/2024,Indiana,IN,FALSE,FALSE,FALSE,Rainwater,libertarian,FALSE,0.045068246,129781,2879655,JJCooley,TRUE
11/05/2024,Indiana,IN,FALSE,FALSE,FALSE,Braun,republican,FALSE,0.5438432728920652,1566081,2879655,JJCooley,TRUE
11/05/2024,Missouri,MO,FALSE,FALSE,FALSE,Quade,democratic,FALSE,0.3871889527950756,1146173,2960242,JJCooley,TRUE
11/05/2024,Missouri,MO,FALSE,FALSE,FALSE,Kehoe,republican,FALSE,0.5914388080433964,1750802,2960242,JJCooley,TRUE
11/05/2024,Montana,MT,FALSE,FALSE,FALSE,Busse,democratic,FALSE,0.3861926547632486,232644,602404,JJCooley,TRUE
11/05/2024,Montana,MT,FALSE,FALSE,FALSE,Gianforte,republican,FALSE,0.5885900492028605,354569,602404,JJCooley,TRUE
11/05/2024,North Carolina,NC,FALSE,FALSE,FALSE,Stein,democratic,FALSE,0.5489529105272656,3069496,5591547,JJCooley,TRUE
11/05/2024,North Carolina,NC,FALSE,FALSE,FALSE,Robinson,republican,FALSE,0.40083880185572973,2241309,5591547,JJCooley,TRUE
11/05/2024,North Dakota,ND,FALSE,FALSE,FALSE,Piepkorn,democratic,FALSE,0.260203475,94043,361421,JJCooley,TRUE
11/05/2024,North Dakota,ND,FALSE,FALSE,FALSE,Armstrong,republican,FALSE,0.6835684700114271,247056,361421,JJCooley,TRUE
11/05/2024,New Hampshire,NH,FALSE,FALSE,FALSE,Craig,democratic,FALSE,0.44271705980476883,360149,813497,JJCooley,TRUE
11/05/2024,New Hampshire,NH,FALSE,FALSE,FALSE,Ayotte,republican,FALSE,0.5361076930830723,436122,813497,JJCooley,TRUE
11/05/2024,Utah,UT,FALSE,FALSE,FALSE,King,democratic,FALSE,0.28472130064214196,420514,1476932,JJCooley,TRUE
11/05/2024,Utah,UT,FALSE,FALSE,FALSE,Lyman,independent,FALSE,0.13578891919194655,200551,1476932,JJCooley,TRUE
11/05/2024,Utah,UT,FALSE,FALSE,FALSE,Cox,republican,FALSE,0.5290907096602958,781431,1476932,JJCooley,TRUE
11/05/2024,Vermont,VT,FALSE,FALSE,FALSE,Charlestin,democratic,FALSE,0.2183242797809509,79217,362841,JJCooley,TRUE
11/05/2024,Vermont,VT,FALSE,FALSE,FALSE,Mutino,independent,FALSE,0.006653052,2414,362841,JJCooley,TRUE
11/05/2024,Vermont,VT,FALSE,FALSE,FALSE,Goodband,independent,FALSE,0.012435199,4512,362841,JJCooley,TRUE
11/05/2024,Vermont,VT,FALSE,FALSE,FALSE,Hoyt,independent,FALSE,0.025818471,9368,362841,JJCooley,TRUE
11/05/2024,Vermont,VT,FALSE,FALSE,FALSE,Scott,republican,FALSE,0.7343133769336982,266439,362841,JJCooley,TRUE
11/05/2024,Washington,WA,FALSE,FALSE,FALSE,Ferguson,democratic,FALSE,0.5562586389548805,2143368,3853186,JJCooley,TRUE
11/05/2024,Washington,WA,FALSE,FALSE,FALSE,Reichert,republican,FALSE,0.4437413610451195,1709818,3853186,JJCooley,TRUE
11/05/2024,West Virginia,WV,FALSE,FALSE,FALSE,Williams,democratic,FALSE,0.3157877688520342,233976,740928,JJCooley,TRUE
11/05/2024,West Virginia,WV,FALSE,FALSE,FALSE,Morrisey,republican,FALSE,0.6198982897123607,459300,740928,JJCooley,TRUE
11/05/2024,National Popular Vote,NPV,FALSE,FALSE,FALSE,Democratic,democrat,FALSE,0.458019347,9242906,20180165,JJCooley,TRUE
11/05/2024,National Popular Vote,NPV,FALSE,FALSE,FALSE,Republican,republican,FALSE,0.497120663,10031977,20180165,JJCooley,TRUE
11/05/2024,National Popular Vote,NPV,FALSE,FALSE,FALSE,Libertarian,libertarian,FALSE,0.021846501,440866,20180165,JJCooley,TRUE
11/04/2025,New Jersey,NJ,FALSE,FALSE,FALSE,Sherrill,democratic,FALSE,0.568807978,,,,TRUE
11/04/2025,New Jersey,NJ,FALSE,FALSE,FALSE,Ciattarelli,republican,FALSE,0.425180672,,,,TRUE
11/04/2025,Virginia,VA,FALSE,FALSE,FALSE,Earle-Sears,republican,FALSE,0.422208695,,,,TRUE
11/04/2025,Virginia,VA,FALSE,FALSE,FALSE,Spanberger,democratic,FALSE,0.575782474,,,,TRUE
11/04/2025,National Popular Vote,NPV,FALSE,FALSE,FALSE,Republican,republican,FALSE,0.42367295,,,,TRUE
11/04/2025,National Popular Vote,NPV,FALSE,FALSE,FALSE,Democratic,democrat,FALSE,0.572346229,,,,TRUE
11/03/2026,Alabama,AL,FALSE,FALSE,FALSE,Jones,democratic,FALSE,0.6,,,,
11/03/2026,Alabama,AL,FALSE,FALSE,FALSE,Tuberville,republican,FALSE,0.4,,,,
11/03/2026,Alaska,AK,FALSE,FALSE,FALSE,Kreiss-Tomkins,democratic,FALSE,0.6,,,,
11/03/2026,Alaska,AK,FALSE,FALSE,FALSE,Bronson,republican,FALSE,0.4,,,,
11/03/2026,Arkansas,AR,FALSE,FALSE,FALSE,Love,democratic,FALSE,0.6,,,,
11/03/2026,Arkansas,AR,FALSE,FALSE,FALSE,Sanders,republican,FALSE,0.4,,,,
11/03/2026,Arizona,AZ,FALSE,FALSE,FALSE,Hobbs,democratic,FALSE,0.6,,,,
11/03/2026,Arizona,AZ,FALSE,FALSE,FALSE,Biggs,republican,FALSE,0.4,,,,
11/03/2026,California,CA,FALSE,FALSE,FALSE,Becerra,democratic,FALSE,0.6,,,,
11/03/2026,California,CA,FALSE,FALSE,FALSE,Hilton,republican,FALSE,0.4,,,,
11/03/2026,Colorado,CO,FALSE,FALSE,FALSE,Weiser,democratic,FALSE,0.6,,,,
11/03/2026,Colorado,CO,FALSE,FALSE,FALSE,Marx,republican,FALSE,0.4,,,,
11/03/2026,Connecticut,CT,FALSE,FALSE,FALSE,Lamont,democratic,FALSE,0.6,,,,
11/03/2026,Connecticut,CT,FALSE,FALSE,FALSE,Fazio,republican,FALSE,0.4,,,,
11/03/2026,Florida,FL,FALSE,FALSE,FALSE,Jolly,democratic,FALSE,0.6,,,,
11/03/2026,Florida,FL,FALSE,FALSE,FALSE,Donalds,republican,FALSE,0.4,,,,
11/03/2026,Georgia,GA,FALSE,FALSE,FALSE,Bottoms,democratic,FALSE,0.6,,,,
11/03/2026,Georgia,GA,FALSE,FALSE,FALSE,Jackson,republican,FALSE,0.4,,,,
11/03/2026,Hawaii,HI,FALSE,FALSE,FALSE,Green,democratic,FALSE,0.6,,,,
11/03/2026,Hawaii,HI,FALSE,FALSE,FALSE,Cordery,republican,FALSE,0.4,,,,
11/03/2026,Idaho,ID,FALSE,FALSE,FALSE,Stegner,independentd,FALSE,0.6,,,,
11/03/2026,Idaho,ID,FALSE,FALSE,FALSE,Little,republican,FALSE,0.4,,,,
11/03/2026,Illinois,IL,FALSE,FALSE,FALSE,Pritzker,democratic,FALSE,0.6,,,,
11/03/2026,Illinois,IL,FALSE,FALSE,FALSE,Bailey,republican,FALSE,0.4,,,,
11/03/2026,Iowa,IA,FALSE,FALSE,FALSE,Sand,democratic,FALSE,0.6,,,,
11/03/2026,Iowa,IA,FALSE,FALSE,FALSE,Lahn,republican,FALSE,0.4,,,,
11/03/2026,Kansas,KS,FALSE,FALSE,FALSE,Holscher,democratic,FALSE,0.6,,,,
11/03/2026,Kansas,KS,FALSE,FALSE,FALSE,Masterson,republican,FALSE,0.4,,,,
11/03/2026,Maine,ME,FALSE,FALSE,FALSE,Pingree,democratic,FALSE,0.6,,,,
11/03/2026,Maine,ME,FALSE,FALSE,FALSE,Charles,republican,FALSE,0.4,,,,
11/03/2026,Maryland,MD,FALSE,FALSE,FALSE,Moore,democratic,FALSE,0.6,,,,
11/03/2026,Maryland,MD,FALSE,FALSE,FALSE,Cox,republican,FALSE,0.4,,,,
11/03/2026,Massachusetts,MA,FALSE,FALSE,FALSE,Healey,democratic,FALSE,0.6,,,,
11/03/2026,Massachusetts,MA,FALSE,FALSE,FALSE,James,independentr,FALSE,0.4,,,,
11/03/2026,Michigan,MI,FALSE,FALSE,FALSE,Benson,democratic,FALSE,0.6,,,,
11/03/2026,Michigan,MI,FALSE,FALSE,FALSE,James,republican,FALSE,0.4,,,,
11/03/2026,Minnesota,MN,FALSE,FALSE,FALSE,Klobuchar,democratic,FALSE,0.6,,,,
11/03/2026,Minnesota,MN,FALSE,FALSE,FALSE,Demuth,republican,FALSE,0.4,,,,
11/03/2026,Nebraska,NE,FALSE,FALSE,FALSE,Walz,democratic,FALSE,0.6,,,,
11/03/2026,Nebraska,NE,FALSE,FALSE,FALSE,Pillen,republican,FALSE,0.4,,,,
11/03/2026,Nevada,NV,FALSE,FALSE,FALSE,Ford,democratic,FALSE,0.6,,,,
11/03/2026,Nevada,NV,FALSE,FALSE,FALSE,Lombardo,republican,FALSE,0.4,,,,
11/03/2026,New Hampshire,NH,FALSE,FALSE,FALSE,Warmington,democratic,FALSE,0.6,,,,
11/03/2026,New Hampshire,NH,FALSE,FALSE,FALSE,Ayotte,republican,FALSE,0.4,,,,
11/03/2026,New Mexico,NM,FALSE,FALSE,FALSE,Haaland,democratic,FALSE,0.6,,,,
11/03/2026,New Mexico,NM,FALSE,FALSE,FALSE,Hull,republican,FALSE,0.4,,,,
11/03/2026,New York,NY,FALSE,FALSE,FALSE,Hochul,democratic,FALSE,0.6,,,,
11/03/2026,New York,NY,FALSE,FALSE,FALSE,Blakeman,republican,FALSE,0.4,,,,
11/03/2026,Ohio,OH,FALSE,FALSE,FALSE,Acton,democratic,FALSE,0.6,,,,
11/03/2026,Ohio,OH,FALSE,FALSE,FALSE,Ramaswamy,republican,FALSE,0.4,,,,
11/03/2026,Oklahoma,OK,FALSE,FALSE,FALSE,Munson,democratic,FALSE,0.6,,,,
11/03/2026,Oklahoma,OK,FALSE,FALSE,FALSE,Mazzei,republican,FALSE,0.4,,,,
11/03/2026,Oregon,OR,FALSE,FALSE,FALSE,Kotek,democratic,FALSE,0.6,,,,
11/03/2026,Oregon,OR,FALSE,FALSE,FALSE,Drazan,republican,FALSE,0.4,,,,
11/03/2026,Pennsylvania,PA,FALSE,FALSE,FALSE,Shapiro,democratic,FALSE,0.6,,,,
11/03/2026,Pennsylvania,PA,FALSE,FALSE,FALSE,Garrity,republican,FALSE,0.4,,,,
11/03/2026,Rhode Island,RI,FALSE,FALSE,FALSE,Foulkes,democratic,FALSE,0.6,,,,
11/03/2026,Rhode Island,RI,FALSE,FALSE,FALSE,Guckian,republican,FALSE,0.4,,,,
11/03/2026,South Carolina,SC,FALSE,FALSE,FALSE,Johnson,democratic,FALSE,0.6,,,,
11/03/2026,South Carolina,SC,FALSE,FALSE,FALSE,WIlson,republican,FALSE,0.4,,,,
11/03/2026,South Dakota,SD,FALSE,FALSE,FALSE,Ahlers,democratic,FALSE,0.6,,,,
11/03/2026,South Dakota,SD,FALSE,FALSE,FALSE,Rhoden,republican,FALSE,0.4,,,,
11/03/2026,Tennessee,TN,FALSE,FALSE,FALSE,Green,democratic,FALSE,0.6,,,,
11/03/2026,Tennessee,TN,FALSE,FALSE,FALSE,Blackburn,republican,FALSE,0.4,,,,
11/03/2026,Texas,TX,FALSE,FALSE,FALSE,Hinojosa,democratic,FALSE,0.6,,,,
11/03/2026,Texas,TX,FALSE,FALSE,FALSE,Abbott,republican,FALSE,0.4,,,,
11/03/2026,Vermont,VT,FALSE,FALSE,FALSE,Janoo,democratic,FALSE,0.6,,,,
11/03/2026,Vermont,VT,FALSE,FALSE,FALSE,Scott,republican,FALSE,0.4,,,,
11/03/2026,Wisconsin,WI,FALSE,FALSE,FALSE,Crowley,democratic,FALSE,0.6,,,,
11/03/2026,Wisconsin,WI,FALSE,FALSE,FALSE,Tiffany,republican,FALSE,0.4,,,,
11/03/2026,Wyoming,WY,FALSE,FALSE,FALSE,Casner,democratic,FALSE,0.6,,,,
11/03/2026,Wyoming,WY,FALSE,FALSE,FALSE,Barlow,republican,FALSE,0.4,,,,
