date,region,state_po,class,special,runoff,offyear,candidate,party,ballotparty,writein,voteshare,candidatevotes,totalvotes,version,hidden
11/03/2020,Alabama,AL,2,FALSE,FALSE,FALSE,Jones,democrat,,FALSE,0.397366655,,,20210114,TRUE
11/03/2020,Alabama,AL,2,FALSE,FALSE,FALSE,Tuberville,republican,,FALSE,0.600953616,,,20210114,TRUE
11/03/2020,Alaska,AK,2,FALSE,FALSE,FALSE,Gross,democrat,,FALSE,0.411938396,,,20210114,TRUE
11/03/2020,Alaska,AK,2,FALSE,FALSE,FALSE,Howe,alaskan independence party,,FALSE,0.047395985,,,20210114,TRUE
11/03/2020,Alaska,AK,2,FALSE,FALSE,FALSE,Sullivan,republican,,FALSE,0.53897069,,,20210114,TRUE
11/03/2020,Arizona,AZ,3,TRUE,FALSE,FALSE,Davida,republican,,TRUE,8.34E-06,,,20210114,TRUE
11/03/2020,Arizona,AZ,3,TRUE,FALSE,FALSE,McSally,republican,,FALSE,0.488080822,,,20210114,TRUE
11/03/2020,Arizona,AZ,3,TRUE,FALSE,FALSE,Schiess,republican,,TRUE,2.74E-05,,,20210114,TRUE
11/03/2020,Arizona,AZ,3,TRUE,FALSE,FALSE,Simmons,republican,,TRUE,2.92E-05,,,20210114,TRUE
11/03/2020,Arizona,AZ,3,TRUE,FALSE,FALSE,Thomas,republican,,TRUE,8.64E-06,,,20210114,TRUE
11/03/2020,Arizona,AZ,3,TRUE,FALSE,FALSE,Arif,democrat,,TRUE,2.03E-05,,,20210114,TRUE
11/03/2020,Arizona,AZ,3,TRUE,FALSE,FALSE,Kapadia,democrat,,TRUE,1.73E-05,,,20210114,TRUE
11/03/2020,Arizona,AZ,3,TRUE,FALSE,FALSE,Chilton,democrat,,TRUE,5.66E-06,,,20210114,TRUE
11/03/2020,Arizona,AZ,3,TRUE,FALSE,FALSE,Kelly,democrat,,FALSE,0.511567794,,,20210114,TRUE
11/03/2020,Arizona,AZ,3,TRUE,FALSE,FALSE,Stewart,democrat,,TRUE,6.56E-06,,,20210114,TRUE
11/03/2020,Arizona,AZ,3,TRUE,FALSE,FALSE,Dorchester,libertarian,,TRUE,0.000112955,,,20210114,TRUE
11/03/2020,Arizona,AZ,3,TRUE,FALSE,FALSE,Beckett,independent,,TRUE,1.76E-05,,,20210114,TRUE
11/03/2020,Arizona,AZ,3,TRUE,FALSE,FALSE,Decker,independent,,TRUE,6.26E-06,,,20210114,TRUE
11/03/2020,Arizona,AZ,3,TRUE,FALSE,FALSE,Glenn,independent republican party,,TRUE,4.53E-05,,,20210114,TRUE
11/03/2020,Arizona,AZ,3,TRUE,FALSE,FALSE,Haupt,independent,,TRUE,1.10E-05,,,20210114,TRUE
11/03/2020,Arizona,AZ,3,TRUE,FALSE,FALSE,Rodriguez,independent,,TRUE,5.07E-06,,,20210114,TRUE
11/03/2020,Arizona,AZ,3,TRUE,FALSE,FALSE,Rodriguez,unity party,,TRUE,2.06E-05,,,20210114,TRUE
11/03/2020,Arizona,AZ,3,TRUE,FALSE,FALSE,Seenz,independent,,TRUE,2.38E-06,,,20210114,TRUE
11/03/2020,Arizona,AZ,3,TRUE,FALSE,FALSE,Stevens,non-affiliated,,TRUE,6.85E-06,,,20210114,TRUE
11/03/2020,Arkansas,AR,2,FALSE,FALSE,FALSE,Harrington,libertarian,,FALSE,0.334704646,,,20210114,TRUE
11/03/2020,Arkansas,AR,2,FALSE,FALSE,FALSE,Cotton,republican,,FALSE,0.665295354,,,20210114,TRUE
11/03/2020,Colorado,CO,2,FALSE,FALSE,FALSE,Hickenlooper,democrat,,FALSE,0.534989601,,,20210114,TRUE
11/03/2020,Colorado,CO,2,FALSE,FALSE,FALSE,Gardner,republican,,FALSE,0.44177527,,,20210114,TRUE
11/03/2020,Colorado,CO,2,FALSE,FALSE,FALSE,Doyle,approval voting party,,FALSE,0.003034808,,,20210114,TRUE
11/03/2020,Colorado,CO,2,FALSE,FALSE,FALSE,Evans,unity party,,FALSE,0.00277243,,,20210114,TRUE
11/03/2020,Colorado,CO,2,FALSE,FALSE,FALSE,Doane,libertarian,,FALSE,0.017387408,,,20210114,TRUE
11/03/2020,Colorado,CO,2,FALSE,FALSE,FALSE,Skelly,unaffiliated,,FALSE,1.70E-05,,,20210114,TRUE
11/03/2020,Colorado,CO,2,FALSE,FALSE,FALSE,Lohmiller,green,,FALSE,2.19E-05,,,20210114,TRUE
11/03/2020,Colorado,CO,2,FALSE,FALSE,FALSE,Sanchez,unaffiliated,,FALSE,1.55E-06,,,20210114,TRUE
11/03/2020,Delaware,DE,2,FALSE,FALSE,FALSE,Coons,democrat,,FALSE,0.594384185,,,20210114,TRUE
11/03/2020,Delaware,DE,2,FALSE,FALSE,FALSE,Witzke,republican,,FALSE,0.378978887,,,20210114,TRUE
11/03/2020,Delaware,DE,2,FALSE,FALSE,FALSE,Turley,independent party of delaware,,FALSE,0.015955269,,,20210114,TRUE
11/03/2020,Delaware,DE,2,FALSE,FALSE,FALSE,Frost,libertarian,,FALSE,0.010681658,,,20210114,TRUE
11/03/2020,Georgia,GA,2,FALSE,FALSE,FALSE,Perdue,republican,,FALSE,0.497279882,,,20210114,TRUE
11/03/2020,Georgia,GA,2,FALSE,FALSE,FALSE,Ossoff,democrat,,FALSE,0.479490123,,,20210114,TRUE
11/03/2020,Georgia,GA,2,FALSE,FALSE,FALSE,Hazel,libertarian,,FALSE,0.023229995,,,20210114,TRUE
11/03/2020,Georgia,GA,3,TRUE,FALSE,FALSE,Bartell,independent,,FALSE,0.002979024,,,20210114,TRUE
11/03/2020,Georgia,GA,3,TRUE,FALSE,FALSE,Buckley,independent,,FALSE,0.003653374,,,20210114,TRUE
11/03/2020,Georgia,GA,3,TRUE,FALSE,FALSE,Collins,republican,,FALSE,0.199507932,,,20210114,TRUE
11/03/2020,Georgia,GA,3,TRUE,FALSE,FALSE,Fortuin,green,,FALSE,0.0031119,,,20210114,TRUE
11/03/2020,Georgia,GA,3,TRUE,FALSE,FALSE,Grayson,republican,,FALSE,0.010498211,,,20210114,TRUE
11/03/2020,Georgia,GA,3,TRUE,FALSE,FALSE,Greene,independent,,FALSE,0.002704929,,,20210114,TRUE
11/03/2020,Georgia,GA,3,TRUE,FALSE,FALSE,Jackson,republican,,FALSE,0.009021519,,,20210114,TRUE
11/03/2020,Georgia,GA,3,TRUE,FALSE,FALSE,Jackson,democrat,,FALSE,0.065953234,,,20210114,TRUE
11/03/2020,Georgia,GA,3,TRUE,FALSE,FALSE,James,democrat,,FALSE,0.019210229,,,20210114,TRUE
11/03/2020,Georgia,GA,3,TRUE,FALSE,FALSE,Johnson,republican,,FALSE,0.007361283,,,20210114,TRUE
11/03/2020,Georgia,GA,3,TRUE,FALSE,FALSE,Johnson-Shealey,democrat,,FALSE,0.02172551,,,20210114,TRUE
11/03/2020,Georgia,GA,3,TRUE,FALSE,FALSE,Lieberman,democrat,,FALSE,0.027678268,,,20210114,TRUE
11/03/2020,Georgia,GA,3,TRUE,FALSE,FALSE,Loeffler,republican,,FALSE,0.259080275,,,20210114,TRUE
11/03/2020,Georgia,GA,3,TRUE,FALSE,FALSE,Slade,democrat,,FALSE,0.009145645,,,20210114,TRUE
11/03/2020,Georgia,GA,3,TRUE,FALSE,FALSE,Slowinski,libertarian,,FALSE,0.007209686,,,20210114,TRUE
11/03/2020,Georgia,GA,3,TRUE,FALSE,FALSE,Stovall,independent,,FALSE,0.002710017,,,20210114,TRUE
11/03/2020,Georgia,GA,3,TRUE,FALSE,FALSE,Tarver,democrat,,FALSE,0.005358377,,,20210114,TRUE
11/03/2020,Georgia,GA,3,TRUE,FALSE,FALSE,Taylor,republican,,FALSE,0.008210427,,,20210114,TRUE
11/03/2020,Georgia,GA,3,TRUE,FALSE,FALSE,Warnock,democrat,,FALSE,0.329042779,,,20210114,TRUE
11/03/2020,Georgia,GA,3,TRUE,FALSE,FALSE,Winfield,democrat,,FALSE,0.005837382,,,20210114,TRUE
11/03/2020,Idaho,ID,2,FALSE,FALSE,FALSE,Fleming,independent,,FALSE,0.029458251,,,20210114,TRUE
11/03/2020,Idaho,ID,2,FALSE,FALSE,FALSE,Jordan,democrat,,FALSE,0.33246688,,,20210114,TRUE
11/03/2020,Idaho,ID,2,FALSE,FALSE,FALSE,Risch,republican,,FALSE,0.626225973,,,20210114,TRUE
11/03/2020,Idaho,ID,2,FALSE,FALSE,FALSE,Writz,constitution party,,FALSE,0.011848895,,,20210114,TRUE
11/03/2020,Illinois,IL,2,FALSE,FALSE,FALSE,Durbin,democrat,,FALSE,0.549335631,,,20210114,TRUE
11/03/2020,Illinois,IL,2,FALSE,FALSE,FALSE,Curran,republican,,FALSE,0.388659487,,,20210114,TRUE
11/03/2020,Illinois,IL,2,FALSE,FALSE,FALSE,Wilson,willie wilson party,,FALSE,0.039822909,,,20210114,TRUE
11/03/2020,Illinois,IL,2,FALSE,FALSE,FALSE,Malouf,libertarian,,FALSE,0.012677878,,,20210114,TRUE
11/03/2020,Illinois,IL,2,FALSE,FALSE,FALSE,Black,green,,FALSE,0.009501079,,,20210114,TRUE
11/03/2020,Illinois,IL,2,FALSE,FALSE,FALSE,Keely,,,TRUE,1.68E-06,,,20210114,TRUE
11/03/2020,Illinois,IL,2,FALSE,FALSE,FALSE,Seida,,,TRUE,1.01E-06,,,20210114,TRUE
11/03/2020,Illinois,IL,2,FALSE,FALSE,FALSE,Schaal,,,TRUE,3.35E-07,,,20210114,TRUE
11/03/2020,Iowa,IA,2,FALSE,FALSE,FALSE,Ernst,republican,,FALSE,0.508782858,,,20210114,TRUE
11/03/2020,Iowa,IA,2,FALSE,FALSE,FALSE,Greenfield,democrat,,FALSE,0.444000753,,,20210114,TRUE
11/03/2020,Iowa,IA,2,FALSE,FALSE,FALSE,Stewart,libertarian,,FALSE,0.021740102,,,20210114,TRUE
11/03/2020,Iowa,IA,2,FALSE,FALSE,FALSE,Herzog,,,FALSE,0.008117026,,,20210114,TRUE
11/03/2020,Kansas,KS,2,FALSE,FALSE,FALSE,Marshall,republican,,FALSE,0.532231284,,,20210114,TRUE
11/03/2020,Kansas,KS,2,FALSE,FALSE,FALSE,Bollier,democrat,,FALSE,0.417859924,,,20210114,TRUE
11/03/2020,Kansas,KS,2,FALSE,FALSE,FALSE,Buckley,libertarian,,FALSE,0.049908792,,,20210114,TRUE
11/03/2020,Kentucky,KY,2,FALSE,FALSE,FALSE,McConnell,republican,,FALSE,0.577649683,,,20210114,TRUE
11/03/2020,Kentucky,KY,2,FALSE,FALSE,FALSE,McGrath,democrat,,FALSE,0.382311573,,,20210114,TRUE
11/03/2020,Kentucky,KY,2,FALSE,FALSE,FALSE,Barron,libertarian,,FALSE,0.039992375,,,20210114,TRUE
11/03/2020,Kentucky,KY,2,FALSE,FALSE,FALSE,Frangedakis,,,TRUE,3.28E-05,,,20210114,TRUE
11/03/2020,Kentucky,KY,2,FALSE,FALSE,FALSE,Cobble,,,TRUE,8.43E-06,,,20210114,TRUE
11/03/2020,Kentucky,KY,2,FALSE,FALSE,FALSE,Teegargen,,,TRUE,4.22E-06,,,20210114,TRUE
11/03/2020,Kentucky,KY,2,FALSE,FALSE,FALSE,Wysinger,,,TRUE,4.68E-07,,,20210114,TRUE
11/03/2020,Kentucky,KY,2,FALSE,FALSE,FALSE,Fitzpatrick,,,TRUE,4.68E-07,,,20210114,TRUE
11/03/2020,Louisiana,LA,2,FALSE,FALSE,FALSE,Billiot,unaffiliated,,FALSE,0.008381192,,,20210114,TRUE
11/03/2020,Louisiana,LA,2,FALSE,FALSE,FALSE,Bourgeois,unaffiliated,,FALSE,0.007973766,,,20210114,TRUE
11/03/2020,Louisiana,LA,2,FALSE,FALSE,FALSE,Cassidy,republican,,FALSE,0.59323316,,,20210114,TRUE
11/03/2020,Louisiana,LA,2,FALSE,FALSE,FALSE,Daret,unaffiliated,,FALSE,0.001908722,,,20210114,TRUE
11/03/2020,Louisiana,LA,2,FALSE,FALSE,FALSE,Edwards,democrat,,FALSE,0.110938561,,,20210114,TRUE
11/03/2020,Louisiana,LA,2,FALSE,FALSE,FALSE,John,other,,FALSE,0.001357925,,,20210114,TRUE
11/03/2020,Louisiana,LA,2,FALSE,FALSE,FALSE,Knight,democrat,,FALSE,0.017842738,,,20210114,TRUE
11/03/2020,Louisiana,LA,2,FALSE,FALSE,FALSE,Mendoza,independent,,FALSE,0.003770619,,,20210114,TRUE
11/03/2020,Louisiana,LA,2,FALSE,FALSE,FALSE,Montgomery,unaffiliated,,FALSE,0.002801776,,,20210114,TRUE
11/03/2020,Louisiana,LA,2,FALSE,FALSE,FALSE,Murphy,republican,,FALSE,0.018528701,,,20210114,TRUE
11/03/2020,Louisiana,LA,2,FALSE,FALSE,FALSE,Perkins,democrat,,FALSE,0.190220044,,,20210114,TRUE
11/03/2020,Louisiana,LA,2,FALSE,FALSE,FALSE,Pierce,democrat,,FALSE,0.026892997,,,20210114,TRUE
11/03/2020,Louisiana,LA,2,FALSE,FALSE,FALSE,Price,other,,FALSE,0.003707381,,,20210114,TRUE
11/03/2020,Louisiana,LA,2,FALSE,FALSE,FALSE,Sigler,libertarian,,FALSE,0.005465008,,,20210114,TRUE
11/03/2020,Louisiana,LA,2,FALSE,FALSE,FALSE,Wenstrup,democrat,,FALSE,0.006977408,,,20210114,TRUE
11/03/2020,Maine,ME,2,FALSE,FALSE,FALSE,Collins,republican,,FALSE,0.509831137,,,20210114,TRUE
11/03/2020,Maine,ME,2,FALSE,FALSE,FALSE,Gideon,democrat,,FALSE,0.423864997,,,20210114,TRUE
11/03/2020,Maine,ME,2,FALSE,FALSE,FALSE,Linn,independent,,FALSE,0.0164896,,,20210114,TRUE
11/03/2020,Maine,ME,2,FALSE,FALSE,FALSE,Savage,independent,,FALSE,0.04953594,,,20210114,TRUE
11/03/2020,Massachusetts,MA,2,FALSE,FALSE,FALSE,Markey,democrat,,FALSE,0.661537326,,,20210114,TRUE
11/03/2020,Massachusetts,MA,2,FALSE,FALSE,FALSE,O'Conner,republican,,FALSE,0.33044895,,,20210114,TRUE
11/03/2020,Massachusetts,MA,2,FALSE,FALSE,FALSE,Ayyadurai,,,FALSE,0.005929628,,,20210114,TRUE
11/03/2020,Michigan,MI,2,FALSE,FALSE,FALSE,Peters,democrat,,FALSE,0.499034257,,,20210114,TRUE
11/03/2020,Michigan,MI,2,FALSE,FALSE,FALSE,James,republican,,FALSE,0.482183944,,,20210114,TRUE
11/03/2020,Michigan,MI,2,FALSE,FALSE,FALSE,Willis,us taxpayers,,FALSE,0.009233501,,,20210114,TRUE
11/03/2020,Michigan,MI,2,FALSE,FALSE,FALSE,Squier,green,,FALSE,0.007156753,,,20210114,TRUE
11/03/2020,Michigan,MI,2,FALSE,FALSE,FALSE,Dern,natural law,,FALSE,0.002389356,,,20210114,TRUE
11/03/2020,Michigan,MI,2,FALSE,FALSE,FALSE,Carr,,,TRUE,9.12E-07,,,20210114,TRUE
11/03/2020,Michigan,MI,2,FALSE,FALSE,FALSE,Gadzinski,,,TRUE,1.28E-06,,,20210114,TRUE
11/03/2020,Minnesota,MN,2,FALSE,FALSE,FALSE,O'Connor,legal marijuana now,,FALSE,0.059159569,,,20210114,TRUE
11/03/2020,Minnesota,MN,2,FALSE,FALSE,FALSE,Steinberg,grassroots,,FALSE,0.017787631,,,20210114,TRUE
11/03/2020,Minnesota,MN,2,FALSE,FALSE,FALSE,Lewis,republican,,FALSE,0.434982466,,,20210114,TRUE
11/03/2020,Minnesota,MN,2,FALSE,FALSE,FALSE,Smith,democrat,,FALSE,0.487366905,,,20210114,TRUE
11/03/2020,Mississippi,MS,2,FALSE,FALSE,FALSE,Espy,democrat,,FALSE,0.44129274,,,20210114,TRUE
11/03/2020,Mississippi,MS,2,FALSE,FALSE,FALSE,Hyde-Smith,republican,,FALSE,0.541052225,,,20210114,TRUE
11/03/2020,Mississippi,MS,2,FALSE,FALSE,FALSE,Edwards,libertarian,,FALSE,0.017655034,,,20210114,TRUE
11/03/2020,Montana,MT,2,FALSE,FALSE,FALSE,Bullock,democrat,,FALSE,0.449878393,,,20210114,TRUE
11/03/2020,Montana,MT,2,FALSE,FALSE,FALSE,Daines,republican,,FALSE,0.550121607,,,20210114,TRUE
11/03/2020,Nebraska,NE,2,FALSE,FALSE,FALSE,Sasse,republican,,FALSE,0.627418786,,,20210114,TRUE
11/03/2020,Nebraska,NE,2,FALSE,FALSE,FALSE,Janicek,democrat,,FALSE,0.244288246,,,20210114,TRUE
11/03/2020,Nebraska,NE,2,FALSE,FALSE,FALSE,Siadek,libertarian,,FALSE,0.059262676,,,20210114,TRUE
11/03/2020,Nebraska,NE,2,FALSE,FALSE,FALSE,Love,,,TRUE,0.062806716,,,20210114,TRUE
11/03/2020,New Hampshire,NH,2,FALSE,FALSE,FALSE,Messner,republican,,FALSE,0.409879711,,,20210114,TRUE
11/03/2020,New Hampshire,NH,2,FALSE,FALSE,FALSE,Shaheen,democrat,,FALSE,0.56636521,,,20210114,TRUE
11/03/2020,New Hampshire,NH,2,FALSE,FALSE,FALSE,O'Donnell,libertarian,,FALSE,0.02314446,,,20210114,TRUE
11/03/2020,New Jersey,NJ,2,FALSE,FALSE,FALSE,Booker,democrat,,FALSE,0.572280675,,,20210114,TRUE
11/03/2020,New Jersey,NJ,2,FALSE,FALSE,FALSE,Mehta,republican,,FALSE,0.409205394,,,20210114,TRUE
11/03/2020,New Jersey,NJ,2,FALSE,FALSE,FALSE,Hoffman,green,,FALSE,0.008622569,,,20210114,TRUE
11/03/2020,New Jersey,NJ,2,FALSE,FALSE,FALSE,Fernandez,of by for!,,FALSE,0.007271802,,,20210114,TRUE
11/03/2020,New Jersey,NJ,2,FALSE,FALSE,FALSE,Burke,larouche was right,,FALSE,0.00261956,,,20210114,TRUE
11/03/2020,New Mexico,NM,2,FALSE,FALSE,FALSE,Walsh,libertarian,,FALSE,0.026460991,,,20210114,TRUE
11/03/2020,New Mexico,NM,2,FALSE,FALSE,FALSE,Ronchetti,republican,,FALSE,0.456243043,,,20210114,TRUE
11/03/2020,New Mexico,NM,2,FALSE,FALSE,FALSE,Lujan,democrat,,FALSE,0.517295966,,,20210114,TRUE
11/03/2020,North Carolina,NC,2,FALSE,FALSE,FALSE,Tillis,republican,,FALSE,0.486871483,,,20210114,TRUE
11/03/2020,North Carolina,NC,2,FALSE,FALSE,FALSE,Cunningham,democrat,,FALSE,0.469404115,,,20210114,TRUE
11/03/2020,North Carolina,NC,2,FALSE,FALSE,FALSE,Bray,libertarian,,FALSE,0.031337444,,,20210114,TRUE
11/03/2020,North Carolina,NC,2,FALSE,FALSE,FALSE,Hayes,constitution party,,FALSE,0.012386958,,,20210114,TRUE
11/03/2020,Oklahoma,OK,2,FALSE,FALSE,FALSE,Inhofe,republican,,FALSE,0.629121393,,,20210114,TRUE
11/03/2020,Oklahoma,OK,2,FALSE,FALSE,FALSE,Murphy,libertarian,,FALSE,0.02212533,,,20210114,TRUE
11/03/2020,Oklahoma,OK,2,FALSE,FALSE,FALSE,Broyles,democrat,,FALSE,0.327535193,,,20210114,TRUE
11/03/2020,Oklahoma,OK,2,FALSE,FALSE,FALSE,Farr,independent,,FALSE,0.013911939,,,20210114,TRUE
11/03/2020,Oklahoma,OK,2,FALSE,FALSE,FALSE,Nesbit,independent,,FALSE,0.007306146,,,20210114,TRUE
11/03/2020,Oregon,OR,2,FALSE,FALSE,FALSE,Perkins,republican,,FALSE,0.393242603,,,20210114,TRUE
11/03/2020,Oregon,OR,2,FALSE,FALSE,FALSE,Merkley,democrat,,FALSE,0.569110423,,,20210114,TRUE
11/03/2020,Oregon,OR,2,FALSE,FALSE,FALSE,Taher,pacific green,,FALSE,0.018196669,,,20210114,TRUE
11/03/2020,Oregon,OR,2,FALSE,FALSE,FALSE,Dye,libertarian,,FALSE,0.018415517,,,20210114,TRUE
11/03/2020,Rhode Island,RI,2,FALSE,FALSE,FALSE,Reed,democrat,,FALSE,0.664776981,,,20210114,TRUE
11/03/2020,Rhode Island,RI,2,FALSE,FALSE,FALSE,Waters,republican,,FALSE,0.333537678,,,20210114,TRUE
11/03/2020,South Carolina,SC,2,FALSE,FALSE,FALSE,Bledsoe,constitution party,,FALSE,0.013059102,,,20210114,TRUE
11/03/2020,South Carolina,SC,2,FALSE,FALSE,FALSE,Graham,republican,,FALSE,0.544365959,,,20210114,TRUE
11/03/2020,South Carolina,SC,2,FALSE,FALSE,FALSE,Harrison,democrat,,FALSE,0.44166285,,,20210114,TRUE
11/03/2020,South Dakota,SD,2,FALSE,FALSE,FALSE,Rounds,republican,,FALSE,0.657352476,,,20210114,TRUE
11/03/2020,South Dakota,SD,2,FALSE,FALSE,FALSE,Ahlers,democrat,,FALSE,0.342647524,,,20210114,TRUE
11/03/2020,Tennessee,TN,2,FALSE,FALSE,FALSE,Hagerty,republican,,FALSE,0.621984681,,,20210114,TRUE
11/03/2020,Tennessee,TN,2,FALSE,FALSE,FALSE,Bradshaw,democrat,,FALSE,0.351613188,,,20210114,TRUE
11/03/2020,Tennessee,TN,2,FALSE,FALSE,FALSE,Faparusi,independent,,FALSE,0.003624279,,,20210114,TRUE
11/03/2020,Tennessee,TN,2,FALSE,FALSE,FALSE,Grunau,independent,,FALSE,0.001405519,,,20210114,TRUE
11/03/2020,Tennessee,TN,2,FALSE,FALSE,FALSE,Henley,independent,,FALSE,0.00286442,,,20210114,TRUE
11/03/2020,Tennessee,TN,2,FALSE,FALSE,FALSE,Hill,independent,,FALSE,0.001646079,,,20210114,TRUE
11/03/2020,Tennessee,TN,2,FALSE,FALSE,FALSE,Hooper,independent,,FALSE,0.003246546,,,20210114,TRUE
11/03/2020,Tennessee,TN,2,FALSE,FALSE,FALSE,James,independent,,FALSE,0.002433642,,,20210114,TRUE
11/03/2020,Tennessee,TN,2,FALSE,FALSE,FALSE,McLeod,independent,,FALSE,0.00562613,,,20210114,TRUE
11/03/2020,Tennessee,TN,2,FALSE,FALSE,FALSE,Morgan,independent,,FALSE,0.003242829,,,20210114,TRUE
11/03/2020,Tennessee,TN,2,FALSE,FALSE,FALSE,Stansberry,independent,,FALSE,0.002291063,,,20210114,TRUE
11/03/2020,Tennessee,TN,2,FALSE,FALSE,FALSE,Gentry,,,TRUE,2.16E-05,,,20210114,TRUE
11/03/2020,Texas,TX,2,FALSE,FALSE,FALSE,Cornyn,republican,,FALSE,0.535082699,,,20210114,TRUE
11/03/2020,Texas,TX,2,FALSE,FALSE,FALSE,Hegar,democrat,,FALSE,0.438688662,,,20210114,TRUE
11/03/2020,Texas,TX,2,FALSE,FALSE,FALSE,McKennon,libertarian,,FALSE,0.018819207,,,20210114,TRUE
11/03/2020,Texas,TX,2,FALSE,FALSE,FALSE,Collins,green,,FALSE,0.007348592,,,20210114,TRUE
11/03/2020,Texas,TX,2,FALSE,FALSE,FALSE,Turullols-Bonilla,,,TRUE,6.08E-05,,,20210114,TRUE
11/03/2020,Virginia,VA,2,FALSE,FALSE,FALSE,Warner,democrat,,FALSE,0.559920837,,,20210114,TRUE
11/03/2020,Virginia,VA,2,FALSE,FALSE,FALSE,Gade,republican,,FALSE,0.439083042,,,20210114,TRUE
11/03/2020,West Virginia,WV,2,FALSE,FALSE,FALSE,Capito,republican,,FALSE,0.702839066,,,20210114,TRUE
11/03/2020,West Virginia,WV,2,FALSE,FALSE,FALSE,Swearengin,democrat,,FALSE,0.270001464,,,20210114,TRUE
11/03/2020,West Virginia,WV,2,FALSE,FALSE,FALSE,Moran,libertarian,,FALSE,0.02715947,,,20210114,TRUE
11/03/2020,Wyoming,WY,2,FALSE,FALSE,FALSE,Lummis,republican,,FALSE,0.71130293,,,20210114,TRUE
11/03/2020,Wyoming,WY,2,FALSE,FALSE,FALSE,David,democrat,,FALSE,0.261275462,,,20210114,TRUE
11/03/2020,National Popular Vote,NPV,1,FALSE,FALSE,FALSE,Republican,republican,,FALSE,0.492874452,,,20210915,TRUE
11/03/2020,National Popular Vote,NPV,1,FALSE,FALSE,FALSE,Democratic,democrat,,FALSE,0.470321785,,,20210915,TRUE
11/03/2020,National Popular Vote,NPV,1,FALSE,FALSE,FALSE,Libertarian,libertarian,,FALSE,0.017991939,,,20210915,TRUE
01/05/2021,Georgia,GA,3,TRUE,TRUE,FALSE,Loeffler,republican,,FALSE,0.48956147,,,20210114,TRUE
01/05/2021,Georgia,GA,3,TRUE,TRUE,FALSE,Warnock,democrat,,FALSE,0.51043853,,,20210114,TRUE
01/05/2021,Georgia,GA,2,FALSE,TRUE,FALSE,Perdue,republican,,FALSE,0.493834483,,,20210114,TRUE
01/05/2021,Georgia,GA,2,FALSE,TRUE,FALSE,Ossoff,democrat,,FALSE,0.506165517,,,20210114,TRUE
11/08/2022,Alabama,AL,3,FALSE,FALSE,FALSE,Boyd,democrat,,FALSE,0.308820722,436746,1414238,20230427,TRUE
11/08/2022,Alabama,AL,3,FALSE,FALSE,FALSE,Britt,republican,,FALSE,0.666191971,942154,1414238,20230427,TRUE
11/08/2022,Alabama,AL,3,FALSE,FALSE,FALSE,Sophocleus,libertarian,,FALSE,0.023248562,32879,1414238,20230427,TRUE
11/08/2022,Alaska,AK,3,FALSE,FALSE,FALSE,Murkowski,republican,,FALSE,0.537019822,136330,253864,20230427,TRUE
11/08/2022,Alaska,AK,3,FALSE,FALSE,FALSE,Tshibaka,republican,,FALSE,0.462980178,117534,253864,20230427,TRUE
11/08/2022,Arizona,AZ,3,FALSE,FALSE,FALSE,Kelly,democrat,,FALSE,0.513948639,1322027,2572294,20230427,TRUE
11/08/2022,Arizona,AZ,3,FALSE,FALSE,FALSE,Victor,libertarian,,TRUE,0.02090041,53762,2572294,20230427,TRUE
11/08/2022,Arizona,AZ,3,FALSE,FALSE,FALSE,Masters,republican,,TRUE,0.465074366,1196308,2572294,20230427,TRUE
11/08/2022,Arkansas,AR,3,FALSE,FALSE,FALSE,Boozman,republican,,FALSE,0.657309504,592437,901306,20230427,TRUE
11/08/2022,Arkansas,AR,3,FALSE,FALSE,FALSE,James,democrat,,FALSE,0.310867785,280187,901306,20230427,TRUE
11/08/2022,Arkansas,AR,3,FALSE,FALSE,FALSE,Cates,libertarian,,FALSE,0.031822711,28682,901306,20230427,TRUE
11/08/2022,California,CA,3,FALSE,FALSE,FALSE,Padilla,democrat,,FALSE,0.610645078,6621616,10843641,20230427,TRUE
11/08/2022,California,CA,3,FALSE,FALSE,FALSE,Meuser,republican,,FALSE,0.389354922,4222025,10843641,20230427,TRUE
11/08/2022,Colorado,CO,3,FALSE,FALSE,FALSE,Bennet,democrat,,FALSE,0.558823071,1397170,2500201,20230427,TRUE
11/08/2022,Colorado,CO,3,FALSE,FALSE,FALSE,Peotter,libertarian,,FALSE,0.0174122,43534,2500201,20230427,TRUE
11/08/2022,Colorado,CO,3,FALSE,FALSE,FALSE,O'Dea,republican,,FALSE,0.412644023,1031693,2500201,20230427,TRUE
11/08/2022,Connecticut,CT,3,FALSE,FALSE,FALSE,Blumenthal,democrat,,FALSE,0.574092007,723864,1260885,20230427,TRUE
11/08/2022,Connecticut,CT,3,FALSE,FALSE,FALSE,Levy,republican,,FALSE,0.425114106,536020,1260885,20230427,TRUE
11/08/2022,Florida,FL,3,FALSE,FALSE,FALSE,Demings,democrat,,FALSE,0.412666925,3201522,7758126,20230427,TRUE
11/08/2022,Florida,FL,3,FALSE,FALSE,FALSE,Rubio,republican,,FALSE,0.576794834,4474847,7758126,20230427,TRUE
11/08/2022,Georgia,GA,3,FALSE,FALSE,FALSE,Warnock,democrat,,FALSE,0.494449842,1946117,3935924,20230427,TRUE
11/08/2022,Georgia,GA,3,FALSE,FALSE,FALSE,Oliver,libertarian,,FALSE,0.020672401,81365,3935924,20230427,TRUE
11/08/2022,Georgia,GA,3,FALSE,FALSE,FALSE,Walker,republican,,FALSE,0.484877757,1908442,3935924,20230427,TRUE
11/08/2022,Hawaii,HI,3,FALSE,FALSE,FALSE,Schatz,democrat,,FALSE,0.712073182,290894,408517,20230427,TRUE
11/08/2022,Hawaii,HI,3,FALSE,FALSE,FALSE,McDermott,republican,,FALSE,0.260351466,106358,408517,20230427,TRUE
11/08/2022,Hawaii,HI,3,FALSE,FALSE,FALSE,Bonoan,libertarian,,FALSE,0.012031323,4915,408517,20230427,TRUE
11/08/2022,Hawaii,HI,3,FALSE,FALSE,FALSE,Pohlman,green,,FALSE,0.010139113,4142,408517,20230427,TRUE
11/08/2022,Idaho,ID,3,FALSE,FALSE,FALSE,Cleveland,independent,,FALSE,0.084477652,49917,590890,20230427,TRUE
11/08/2022,Idaho,ID,3,FALSE,FALSE,FALSE,Writz,constitution,,FALSE,0.01438508,8500,590890,20230427,TRUE
11/08/2022,Idaho,ID,3,FALSE,FALSE,FALSE,Crapo,republican,,FALSE,0.606777911,358539,590890,20230427,TRUE
11/08/2022,Idaho,ID,3,FALSE,FALSE,FALSE,Roth,democrat,,FALSE,0.287376669,169808,590890,20230427,TRUE
11/08/2022,Illinois,IL,3,FALSE,FALSE,FALSE,McMillen,libertarian,,FALSE,0.016753536,68671,4098896,20230427,TRUE
11/08/2022,Illinois,IL,3,FALSE,FALSE,FALSE,Salvi,republican,,FALSE,0.415003211,1701055,4098896,20230427,TRUE
11/08/2022,Illinois,IL,3,FALSE,FALSE,FALSE,Duckworth,democrat,,FALSE,0.568234959,2329136,4098896,20230427,TRUE
11/08/2022,Indiana,IN,3,FALSE,FALSE,FALSE,McDermott Jr.,democrat,,FALSE,0.378745932,704411,1859851,20230427,TRUE
11/08/2022,Indiana,IN,3,FALSE,FALSE,FALSE,Young,republican,,FALSE,0.586157171,1090165,1859851,20230427,TRUE
11/08/2022,Indiana,IN,3,FALSE,FALSE,FALSE,Sceniak,libertarian,,FALSE,0.034311351,63814,1859851,20230427,TRUE
11/08/2022,Iowa,IA,3,FALSE,FALSE,FALSE,Grassley,republican,,FALSE,0.560147323,681501,1216646,20230427,TRUE
11/08/2022,Iowa,IA,3,FALSE,FALSE,FALSE,Franken,democrat,,FALSE,0.438360871,533330,1216646,20230427,TRUE
11/08/2022,Kansas,KS,3,FALSE,FALSE,FALSE,Holland,democrat,,FALSE,0.370378405,372214,1004956,20230427,TRUE
11/08/2022,Kansas,KS,3,FALSE,FALSE,FALSE,Graham,libertarian,,FALSE,0.029619207,29766,1004956,20230427,TRUE
11/08/2022,Kansas,KS,3,FALSE,FALSE,FALSE,Moran,republican,,FALSE,0.600002388,602976,1004956,20230427,TRUE
11/08/2022,Kentucky,KY,3,FALSE,FALSE,FALSE,Paul,republican,,FALSE,0.618018311,913326,1477830,20230427,TRUE
11/08/2022,Kentucky,KY,3,FALSE,FALSE,FALSE,Booker,democrat,,FALSE,0.381851092,564311,1477830,20230427,TRUE
11/08/2022,Louisiana,LA,3,FALSE,FALSE,FALSE,Kennedy,republican,,FALSE,0.615610609,851568,1383290,20230427,TRUE
11/08/2022,Louisiana,LA,3,FALSE,FALSE,FALSE,Chambers,democrat,,FALSE,0.178511375,246933,1383290,20230427,TRUE
11/08/2022,Louisiana,LA,3,FALSE,FALSE,FALSE,Mixon,democrat,,FALSE,0.132211611,182887,1383290,20230427,TRUE
11/08/2022,Louisiana,LA,3,FALSE,FALSE,FALSE,Steib,democrat,,FALSE,0.022820956,31568,1383290,20230427,TRUE
11/08/2022,Louisiana,LA,3,FALSE,FALSE,FALSE,Graham,republican,,FALSE,0.018271657,25275,1383290,20230427,TRUE
11/08/2022,Maryland,MD,3,FALSE,FALSE,FALSE,Hollen,democrat,,FALSE,0.657680329,1316897,2002336,20230427,TRUE
11/08/2022,Maryland,MD,3,FALSE,FALSE,FALSE,Chaffee,republican,,FALSE,0.340748506,682293,2002336,20230427,TRUE
11/08/2022,Missouri,MO,3,FALSE,FALSE,FALSE,Schmitt,republican,,FALSE,0.554322831,1146966,2069130,20230427,TRUE
11/08/2022,Missouri,MO,3,FALSE,FALSE,FALSE,Valentine,democrat,,FALSE,0.421768569,872694,2069130,20230427,TRUE
11/08/2022,Missouri,MO,3,FALSE,FALSE,FALSE,Dine,libertarian,,FALSE,0.016828812,34821,2069130,20230427,TRUE
11/08/2022,Nevada,NV,3,FALSE,FALSE,FALSE,Laxalt,republican,,FALSE,0.480372239,490388,1020850,20230427,TRUE
11/08/2022,Nevada,NV,3,FALSE,FALSE,FALSE,Masto,democrat,,FALSE,0.488138316,498316,1020850,20230427,TRUE
11/08/2022,Nevada,NV,3,FALSE,FALSE,FALSE,None,,,FALSE,0.012186903,12441,1020850,20230427,TRUE
11/08/2022,New Hampshire,NH,3,FALSE,FALSE,FALSE,Bolduc,republican,,FALSE,0.444346391,275928,620975,20230427,TRUE
11/08/2022,New Hampshire,NH,3,FALSE,FALSE,FALSE,Hassan,democrat,,FALSE,0.534953903,332193,620975,20230427,TRUE
11/08/2022,New Hampshire,NH,3,FALSE,FALSE,FALSE,Kauffman,libertarian,,FALSE,0.019952494,12390,620975,20230427,TRUE
11/08/2022,New York,NY,3,FALSE,FALSE,FALSE,Schumer,working families,,FALSE,0.050908122,297739,5848556,20230427,TRUE
11/08/2022,New York,NY,3,FALSE,FALSE,FALSE,Pinion,republican,,FALSE,0.376930477,2204499,5848556,20230427,TRUE
11/08/2022,New York,NY,3,FALSE,FALSE,FALSE,Schumer,democrat,,FALSE,0.516849287,3022822,5848556,20230427,TRUE
11/08/2022,New York,NY,3,FALSE,FALSE,FALSE,Pinion,conservative,,FALSE,0.050722264,296652,5848556,20230427,TRUE
11/08/2022,North Carolina,NC,3,FALSE,FALSE,FALSE,Beasley,democrat,,FALSE,0.472730505,1784049,3773924,20230427,TRUE
11/08/2022,North Carolina,NC,3,FALSE,FALSE,FALSE,Budd,republican,,FALSE,0.504987912,1905786,3773924,20230427,TRUE
11/08/2022,North Carolina,NC,3,FALSE,FALSE,FALSE,Bray,libertarian,,FALSE,0.01368337,51640,3773924,20230427,TRUE
11/08/2022,North Dakota,ND,3,FALSE,FALSE,FALSE,Becker,independent,,FALSE,0.184917132,44406,240140,20230427,TRUE
11/08/2022,North Dakota,ND,3,FALSE,FALSE,FALSE,Hoeven,republican,,FALSE,0.564145915,135474,240140,20230427,TRUE
11/08/2022,North Dakota,ND,3,FALSE,FALSE,FALSE,Christiansen,democrat,,FALSE,0.24983343,59995,240140,20230427,TRUE
11/08/2022,Ohio,OH,3,FALSE,FALSE,FALSE,Ryan,democrat,,FALSE,0.469230226,1939489,4133342,20230427,TRUE
11/08/2022,Ohio,OH,3,FALSE,FALSE,FALSE,Vance,republican,,FALSE,0.530349049,2192114,4133342,20230427,TRUE
11/08/2022,Oklahoma,OK,3,FALSE,FALSE,FALSE,Horn,democrat,,FALSE,0.320986989,369370,1150732,20230427,TRUE
11/08/2022,Oklahoma,OK,3,FALSE,FALSE,FALSE,Lankford,republican,,FALSE,0.643034173,739960,1150732,20230427,TRUE
11/08/2022,Oklahoma,OK,3,FALSE,FALSE,FALSE,Blevins,libertarian,,FALSE,0.017810402,20495,1150732,20230427,TRUE
11/08/2022,Oklahoma,OK,3,FALSE,FALSE,FALSE,Delaney,independent,,FALSE,0.018168435,20907,1150732,20230427,TRUE
11/08/2022,Oklahoma,OK,2,TRUE,FALSE,FALSE,Mullin,republican,,FALSE,0.617692078,710643,1150481,20230427,TRUE
11/08/2022,Oklahoma,OK,2,TRUE,FALSE,FALSE,Horn,democrat,,FALSE,0.352364794,405389,1150481,20230427,TRUE
11/08/2022,Oklahoma,OK,2,TRUE,FALSE,FALSE,Murphy,libertarian,,FALSE,0.01511194,17386,1150481,20230427,TRUE
11/08/2022,Oklahoma,OK,2,TRUE,FALSE,FALSE,Woods,independent,,FALSE,0.014831188,17063,1150481,20230427,TRUE
11/08/2022,Oregon,OR,3,FALSE,FALSE,FALSE,Pulju,pacific green,,FALSE,0.01216526,23454,1927949,20230427,TRUE
11/08/2022,Oregon,OR,3,FALSE,FALSE,FALSE,Wyden,democrat,,FALSE,0.558325972,1076424,1927949,20230427,TRUE
11/08/2022,Oregon,OR,3,FALSE,FALSE,FALSE,Perkins,republican,,FALSE,0.409238522,788991,1927949,20230427,TRUE
11/08/2022,Oregon,OR,3,FALSE,FALSE,FALSE,Henry,progressive,,FALSE,0.019130693,36883,1927949,20230427,TRUE
11/08/2022,Pennsylvania,PA,3,FALSE,FALSE,FALSE,Fetterman,democrat,,FALSE,0.512481602,2751012,5368021,20230427,TRUE
11/08/2022,Pennsylvania,PA,3,FALSE,FALSE,FALSE,Gerhardt,libertarian,,FALSE,0.013578002,72887,5368021,20230427,TRUE
11/08/2022,Pennsylvania,PA,3,FALSE,FALSE,FALSE,Oz,republican,,FALSE,0.463347666,2487260,5368021,20230427,TRUE
11/08/2022,South Carolina,SC,3,FALSE,FALSE,FALSE,Matthews,democrat,,FALSE,0.370121637,627616,1695702,20230427,TRUE
11/08/2022,South Carolina,SC,3,FALSE,FALSE,FALSE,Scott,republican,,FALSE,0.628809779,1066274,1695702,20230427,TRUE
11/08/2022,South Dakota,SD,3,FALSE,FALSE,FALSE,Thune,republican,,FALSE,0.696270329,242316,348020,20230427,TRUE
11/08/2022,South Dakota,SD,3,FALSE,FALSE,FALSE,Bengs,democrat,,FALSE,0.261499339,91007,348020,20230427,TRUE
11/08/2022,South Dakota,SD,3,FALSE,FALSE,FALSE,Lesnar,libertarian,,FALSE,0.042230332,14697,348020,20230427,TRUE
11/08/2022,Utah,UT,3,FALSE,FALSE,FALSE,Lee,republican,,FALSE,0.531544215,571974,1076061,20230427,TRUE
11/08/2022,Utah,UT,3,FALSE,FALSE,FALSE,Hansen,libertarian,,FALSE,0.029537359,31784,1076061,20230427,TRUE
11/08/2022,Utah,UT,3,FALSE,FALSE,FALSE,McMullin,independent,,FALSE,0.427446028,459958,1076061,20230427,TRUE
11/08/2022,Utah,UT,3,FALSE,FALSE,FALSE,Williams,independent american,,FALSE,0.011247504,12103,1076061,20230427,TRUE
11/08/2022,Vermont,VT,3,FALSE,FALSE,FALSE,Malloy,republican,,FALSE,0.280278649,80468,287100,20230427,TRUE
11/08/2022,Vermont,VT,3,FALSE,FALSE,FALSE,Welch,democrat,,FALSE,0.684691745,196575,287100,20230427,TRUE
11/08/2022,Washington,WA,3,FALSE,FALSE,FALSE,Smiley,republican,,FALSE,0.426300732,1299322,3047900,20230427,TRUE
11/08/2022,Washington,WA,3,FALSE,FALSE,FALSE,Murray,democrat,,FALSE,0.571484301,1741827,3047900,20230427,TRUE
11/08/2022,Wisconsin,WI,3,FALSE,FALSE,FALSE,Barnes,democrat,,FALSE,0.494054048,1310467,2652477,20230427,TRUE
11/08/2022,Wisconsin,WI,3,FALSE,FALSE,FALSE,Johnson,republican,,FALSE,0.504126897,1337185,2652477,20230427,TRUE
11/08/2022,National Popular Vote,NPV,1,FALSE,FALSE,FALSE,Republican,republican,,FALSE,0.490626313,43850241,92507402,20230427,TRUE
11/08/2022,National Popular Vote,NPV,1,FALSE,FALSE,FALSE,Democratic,democrat,,FALSE,0.489720636,46208845,92507402,20230427,TRUE
12/06/2022,Georgia,GA,3,FALSE,TRUE,FALSE,Warnock,democrat,,FALSE,0.514030555,1820633,3541877,20230427,TRUE
12/06/2022,Georgia,GA,3,FALSE,TRUE,FALSE,Walker,republican,,FALSE,0.485969445,1721244,3541877,20230427,TRUE
12/09/2022,Arizona,AZ,1,FALSE,FALSE,TRUE,Sinema,democrat,independent,FALSE,1,,,JJCooley,TRUE
5/31/2024,West Virginia,WV,1,FALSE,FALSE,TRUE,Manchin,democrat,independent,FALSE,1,,,JJCooley,TRUE
11/05/2024,Arizona,AZ,1,FALSE,FALSE,FALSE,Gallego,democratic,,FALSE,0.500575726,1676335,3348814,JJCooley,TRUE
11/05/2024,Arizona,AZ,1,FALSE,FALSE,FALSE,Lake,republican,,FALSE,0.476515268,1595761,3348814,JJCooley,TRUE
11/05/2024,California,CA,1,FALSE,FALSE,FALSE,Schiff,democratic,,FALSE,0.587503942,8837051,15041688,JJCooley,TRUE
11/05/2024,California,CA,1,FALSE,FALSE,FALSE,Garvey,republican,,FALSE,0.412496058,6204637,15041688,JJCooley,TRUE
11/05/2024,Connecticut,CT,1,FALSE,FALSE,FALSE,Murphy,democratic,,FALSE,0.585800573,1000695,1708252,JJCooley,TRUE
11/05/2024,Connecticut,CT,1,FALSE,FALSE,FALSE,Corey,republican,,FALSE,0.397046806,678256,1708252,JJCooley,TRUE
11/05/2024,Delaware,DE,1,FALSE,FALSE,FALSE,Blunt Rochester,democratic,,FALSE,0.565910117,283298,500606,JJCooley,TRUE
11/05/2024,Delaware,DE,1,FALSE,FALSE,FALSE,Hansen,republican,,FALSE,0.395027227,197753,500606,JJCooley,TRUE
11/05/2024,Florida,FL,1,FALSE,FALSE,FALSE,Mucarsel-Powell,democratic,,FALSE,0.427897542,4603077,10757428,JJCooley,TRUE
11/05/2024,Florida,FL,1,FALSE,FALSE,FALSE,Scott,republican,,FALSE,0.555681711,5977706,10757428,JJCooley,TRUE
11/05/2024,Hawaii,HI,1,FALSE,FALSE,FALSE,Hirono,democratic,,FALSE,0.646109817,324194,501763,JJCooley,TRUE
11/05/2024,Hawaii,HI,1,FALSE,FALSE,FALSE,McDermott,republican,,FALSE,0.319025117,160075,501763,JJCooley,TRUE
11/05/2024,Indiana,IN,1,FALSE,FALSE,FALSE,McCray,democratic,,FALSE,0.387668173,1097061,2829897,JJCooley,TRUE
11/05/2024,Indiana,IN,1,FALSE,FALSE,FALSE,Horning,libertarian,,FALSE,0.025878327,73233,2829897,JJCooley,TRUE
11/05/2024,Indiana,IN,1,FALSE,FALSE,FALSE,Banks,republican,,FALSE,0.58638742,1659416,2829897,JJCooley,TRUE
11/05/2024,Massachusetts,MA,1,FALSE,FALSE,FALSE,Warren,democratic,,FALSE,0.598145681,2041668,3413329,JJCooley,TRUE
11/05/2024,Massachusetts,MA,1,FALSE,FALSE,FALSE,Deaton,republican,,FALSE,0.400031758,1365440,3413329,JJCooley,TRUE
11/05/2024,Maryland,MD,1,FALSE,FALSE,FALSE,Alsobrooks,democratic,,FALSE,0.54641028,1650912,3021378,JJCooley,TRUE
11/05/2024,Maryland,MD,1,FALSE,FALSE,FALSE,Hogan,republican,,FALSE,0.428395255,1294344,3021378,JJCooley,TRUE
11/05/2024,Maine,ME,1,FALSE,FALSE,FALSE,Costello,democratic,,FALSE,0.108242639,88875,821072,JJCooley,TRUE
11/05/2024,Maine,ME,1,FALSE,FALSE,FALSE,King,democratic,independent,FALSE,0.520746049,427570,821072,JJCooley,TRUE
11/05/2024,Maine,ME,1,FALSE,FALSE,FALSE,Cherry,independent,,FALSE,0.024593458,20193,821072,JJCooley,TRUE
11/05/2024,Maine,ME,1,FALSE,FALSE,FALSE,Kouzounas,republican,,FALSE,0.346417854,284434,821072,JJCooley,TRUE
11/05/2024,Michigan,MI,1,FALSE,FALSE,FALSE,Slotkin,democratic,,FALSE,0.486389644,2712686,5577187,JJCooley,TRUE
11/05/2024,Michigan,MI,1,FALSE,FALSE,FALSE,Rogers,republican,,FALSE,0.482981833,2693680,5577187,JJCooley,TRUE
11/05/2024,Minnesota,MN,1,FALSE,FALSE,FALSE,Klobuchar,democratic,,FALSE,0.562644217,1792441,3185745,JJCooley,TRUE
11/05/2024,Minnesota,MN,1,FALSE,FALSE,FALSE,White,republican,,FALSE,0.405466225,1291712,3185745,JJCooley,TRUE
11/05/2024,Missouri,MO,1,FALSE,FALSE,FALSE,Kunce,democratic,,FALSE,0.418405808,1243728,2972540,JJCooley,TRUE
11/05/2024,Missouri,MO,1,FALSE,FALSE,FALSE,Hawley,republican,,FALSE,0.555722379,1651907,2972540,JJCooley,TRUE
11/05/2024,Mississippi,MS,1,FALSE,FALSE,FALSE,Pinkins,democratic,,FALSE,0.371878088,451981,1215401,JJCooley,TRUE
11/05/2024,Mississippi,MS,1,FALSE,FALSE,FALSE,Wicker,republican,,FALSE,0.628121912,763420,1215401,JJCooley,TRUE
11/05/2024,Montana,MT,1,FALSE,FALSE,FALSE,Tester,democratic,,FALSE,0.455001301,276305,607262,JJCooley,TRUE
11/05/2024,Montana,MT,1,FALSE,FALSE,FALSE,Sheehy,republican,,FALSE,0.526431754,319682,607262,JJCooley,TRUE
11/05/2024,North Dakota,ND,1,FALSE,FALSE,FALSE,Christiansen,democratic,,FALSE,0.334834004,121602,363171,JJCooley,TRUE
11/05/2024,North Dakota,ND,1,FALSE,FALSE,FALSE,Cramer,republican,,FALSE,0.665165996,241569,363171,JJCooley,TRUE
11/05/2024,Nebraska,NE,1,FALSE,FALSE,FALSE,Osborn,independent,,FALSE,0.466529574,436493,935617,JJCooley,TRUE
11/05/2024,Nebraska,NE,1,FALSE,FALSE,FALSE,Fischer,republican,,FALSE,0.533470426,499124,935617,JJCooley,TRUE
11/05/2024,Nebraska,NE,2,TRUE,FALSE,FALSE,Love,democratic,,FALSE,0.374224737,349902,935005,JJCooley,TRUE
11/05/2024,Nebraska,NE,2,TRUE,FALSE,FALSE,Ricketts,republican,,FALSE,0.625775263,585103,935005,JJCooley,TRUE
11/05/2024,New Jersey,NJ,1,FALSE,FALSE,FALSE,Kim,democratic,,FALSE,0.53553526,2161491,4036132,JJCooley,TRUE
11/05/2024,New Jersey,NJ,1,FALSE,FALSE,FALSE,Bashaw,republican,,FALSE,0.439427898,1773589,4036132,JJCooley,TRUE
11/05/2024,New Mexico,NM,1,FALSE,FALSE,FALSE,Heinrich,democratic,,FALSE,0.550566748,497333,903311,JJCooley,TRUE
11/05/2024,New Mexico,NM,1,FALSE,FALSE,FALSE,Domenici,republican,,FALSE,0.449433252,405978,903311,JJCooley,TRUE
11/05/2024,Nevada,NV,1,FALSE,FALSE,FALSE,Rosen,democratic,,FALSE,0.478658836,701105,1464728,JJCooley,TRUE
11/05/2024,Nevada,NV,1,FALSE,FALSE,FALSE,None,independent,,FALSE,0.030299141,44380,1464728,JJCooley,TRUE
11/05/2024,Nevada,NV,1,FALSE,FALSE,FALSE,Brown,republican,,FALSE,0.462233261,677046,1464728,JJCooley,TRUE
11/05/2024,New York,NY,1,FALSE,FALSE,FALSE,Gillibrand,democratic,,FALSE,0.589146067,4711298,7996825,JJCooley,TRUE
11/05/2024,New York,NY,1,FALSE,FALSE,FALSE,Sapraicone,republican,,FALSE,0.405925352,3246114,7996825,JJCooley,TRUE
11/05/2024,Ohio,OH,1,FALSE,FALSE,FALSE,Brown,democratic,,FALSE,0.464702119,2650949,5704620,JJCooley,TRUE
11/05/2024,Ohio,OH,1,FALSE,FALSE,FALSE,Moreno,republican,,FALSE,0.500889279,2857383,5704620,JJCooley,TRUE
11/05/2024,Pennsylvania,PA,1,FALSE,FALSE,FALSE,Casey,democratic,,FALSE,0.486013703,3384180,6963137,JJCooley,TRUE
11/05/2024,Pennsylvania,PA,1,FALSE,FALSE,FALSE,McCormick,republican,,FALSE,0.48818442,3399295,6963137,JJCooley,TRUE
11/05/2024,Rhode Island,RI,1,FALSE,FALSE,FALSE,Whitehouse,democratic,,FALSE,0.598975908,294665,491948,JJCooley,TRUE
11/05/2024,Rhode Island,RI,1,FALSE,FALSE,FALSE,Morgan,republican,,FALSE,0.398495369,196039,491948,JJCooley,TRUE
11/05/2024,Tennessee,TN,1,FALSE,FALSE,FALSE,Johnson,democratic,,FALSE,0.34162065,1027461,3007608,JJCooley,TRUE
11/05/2024,Tennessee,TN,1,FALSE,FALSE,FALSE,Blackburn,republican,,FALSE,0.637963126,1918743,3007608,JJCooley,TRUE
11/05/2024,Texas,TX,1,FALSE,FALSE,FALSE,Allred,democratic,,FALSE,0.445564475,5031249,11291854,JJCooley,TRUE
11/05/2024,Texas,TX,1,FALSE,FALSE,FALSE,Cruz,republican,,FALSE,0.530536527,5990741,11291854,JJCooley,TRUE
11/05/2024,Utah,UT,1,FALSE,FALSE,FALSE,Gleich,democratic,,FALSE,0.317398116,464515,1463509,JJCooley,TRUE
11/05/2024,Utah,UT,1,FALSE,FALSE,FALSE,Bowen,independent,,FALSE,0.057377167,83972,1463509,JJCooley,TRUE
11/05/2024,Utah,UT,1,FALSE,FALSE,FALSE,Curtis,republican,,FALSE,0.625004698,914700,1463509,JJCooley,TRUE
11/05/2024,Virginia,VA,1,FALSE,FALSE,FALSE,Kaine,democratic,,FALSE,0.544699973,2415429,4434421,JJCooley,TRUE
11/05/2024,Virginia,VA,1,FALSE,FALSE,FALSE,Cao,republican,,FALSE,0.455300027,2018992,4434421,JJCooley,TRUE
11/05/2024,Vermont,VT,1,FALSE,FALSE,FALSE,Sanders,democratic,independent,FALSE,0.63159561,229429,363253,JJCooley,TRUE
11/05/2024,Vermont,VT,1,FALSE,FALSE,FALSE,Malloy,republican,,FALSE,0.320746147,116512,363253,JJCooley,TRUE
11/05/2024,Washington,WA,1,FALSE,FALSE,FALSE,Cantwell,democratic,,FALSE,0.592508372,2252577,3801764,JJCooley,TRUE
11/05/2024,Washington,WA,1,FALSE,FALSE,FALSE,Garcia,republican,,FALSE,0.407491628,1549187,3801764,JJCooley,TRUE
11/05/2024,Wisconsin,WI,1,FALSE,FALSE,FALSE,Baldwin,democratic,,FALSE,0.493759296,1672777,3387839,JJCooley,TRUE
11/05/2024,Wisconsin,WI,1,FALSE,FALSE,FALSE,Hovde,republican,,FALSE,0.48526391,1643996,3387839,JJCooley,TRUE
11/05/2024,West Virginia,WV,1,FALSE,FALSE,FALSE,Elliott,democratic,,FALSE,0.277581175,207548,747702,JJCooley,TRUE
11/05/2024,West Virginia,WV,1,FALSE,FALSE,FALSE,Justice,republican,,FALSE,0.687545305,514079,747702,JJCooley,TRUE
11/05/2024,Wyoming,WY,1,FALSE,FALSE,FALSE,Morrow,democratic,,FALSE,0.241242117,63727,264162,JJCooley,TRUE
11/05/2024,Wyoming,WY,1,FALSE,FALSE,FALSE,Barrasso,republican,,FALSE,0.751122417,198418,264162,JJCooley,TRUE
11/03/2026,Alabama,AL,2,FALSE,FALSE,FALSE,Wess,democratic,,FALSE,0.435714286,,,,
11/03/2026,Alabama,AL,2,FALSE,FALSE,FALSE,Moore,republican,,FALSE,0.564285714,,,,
11/03/2026,Alaska,AK,2,FALSE,FALSE,FALSE,Peltola,democratic,,FALSE,0.502142857,,,,
11/03/2026,Alaska,AK,2,FALSE,FALSE,FALSE,Sullivan,republican,,FALSE,0.497857143,,,,
11/03/2026,Arkansas,AR,2,FALSE,FALSE,FALSE,Shoffner,democratic,,FALSE,0.4,,,,
11/03/2026,Arkansas,AR,2,FALSE,FALSE,FALSE,Cotton,republican,,FALSE,0.6,,,,
11/03/2026,Colorado,CO,2,FALSE,FALSE,FALSE,Hickenlooper,democratic,,FALSE,0.6,,,,
11/03/2026,Colorado,CO,2,FALSE,FALSE,FALSE,Baisley,republican,,FALSE,0.4,,,,
11/03/2026,Delaware,DE,2,FALSE,FALSE,FALSE,Coons,democratic,,FALSE,0.6,,,,
11/03/2026,Delaware,DE,2,FALSE,FALSE,FALSE,Katz,republican,,FALSE,0.4,,,,
11/03/2026,Florida,FL,3,TRUE,FALSE,FALSE,Nixon,democratic,,FALSE,0.457857143,,,,
11/03/2026,Florida,FL,3,TRUE,FALSE,FALSE,Moody,republican,,FALSE,0.542142857,,,,
11/03/2026,Georgia,GA,2,FALSE,FALSE,FALSE,Ossoff,democratic,,FALSE,0.552142857,,,,
11/03/2026,Georgia,GA,2,FALSE,FALSE,FALSE,Collins,republican,,FALSE,0.447857143,,,,
11/03/2026,Idaho,ID,2,FALSE,FALSE,FALSE,Achilles,independentd,,FALSE,0.4,,,,
11/03/2026,Idaho,ID,2,FALSE,FALSE,FALSE,Risch,republican,,FALSE,0.6,,,,
11/03/2026,Illinois,IL,2,FALSE,FALSE,FALSE,Stratton,democratic,,FALSE,0.6,,,,
11/03/2026,Illinois,IL,2,FALSE,FALSE,FALSE,Tracy,republican,,FALSE,0.4,,,,
11/03/2026,Iowa,IA,2,FALSE,FALSE,FALSE,Turek,democratic,,FALSE,0.498571429,,,,
11/03/2026,Iowa,IA,2,FALSE,FALSE,FALSE,Hinson,republican,,FALSE,0.501428571,,,,
11/03/2026,Kansas,KS,2,FALSE,FALSE,FALSE,Hamilton,democratic,,FALSE,0.452857143,,,,
11/03/2026,Kansas,KS,2,FALSE,FALSE,FALSE,Marshall,republican,,FALSE,0.547142857,,,,
11/03/2026,Kentucky,KY,2,FALSE,FALSE,FALSE,Booker,democratic,,FALSE,0.4,,,,
11/03/2026,Kentucky,KY,2,FALSE,FALSE,FALSE,Barr,republican,,FALSE,0.6,,,,
11/03/2026,Louisiana,LA,2,FALSE,FALSE,FALSE,Davis,democratic,,FALSE,0.4,,,,
11/03/2026,Louisiana,LA,2,FALSE,FALSE,FALSE,Letlow,republican,,FALSE,0.6,,,,
11/03/2026,Maine,ME,2,FALSE,FALSE,FALSE,Jackson,democratic,,FALSE,0.494285714,,,,
11/03/2026,Maine,ME,2,FALSE,FALSE,FALSE,Collins,republican,,FALSE,0.505714286,,,,
11/03/2026,Massachusetts,MA,2,FALSE,FALSE,FALSE,Markey,democratic,,FALSE,0.6,,,,
11/03/2026,Massachusetts,MA,2,FALSE,FALSE,FALSE,Deaton,republican,,FALSE,0.4,,,,
11/03/2026,Michigan,MI,2,FALSE,FALSE,FALSE,El-Sayed,democratic,,FALSE,0.520714286,,,,
11/03/2026,Michigan,MI,2,FALSE,FALSE,FALSE,Rogers,republican,,FALSE,0.479285714,,,,
11/03/2026,Minnesota,MN,2,FALSE,FALSE,FALSE,Flanagan,democratic,,FALSE,0.571428571,,,,
11/03/2026,Minnesota,MN,2,FALSE,FALSE,FALSE,Tafoya,republican,,FALSE,0.428571429,,,,
11/03/2026,Mississippi,MS,2,FALSE,FALSE,FALSE,Colom,democratic,,FALSE,0.4,,,,
11/03/2026,Mississippi,MS,2,FALSE,FALSE,FALSE,Hyde-Smith,republican,,FALSE,0.6,,,,
11/03/2026,Montana,MT,2,FALSE,FALSE,FALSE,Bodnar,independentd,,FALSE,0.421785714,,,,
11/03/2026,Montana,MT,2,FALSE,FALSE,FALSE,Alme,republican,,FALSE,0.578214286,,,,
11/03/2026,Nebraska,NE,2,FALSE,FALSE,FALSE,Osborn,independentd,,FALSE,0.490357143,,,,
11/03/2026,Nebraska,NE,2,FALSE,FALSE,FALSE,Ricketts,republican,,FALSE,0.509642857,,,,
11/03/2026,New Hampshire,NH,2,FALSE,FALSE,FALSE,Pappas,democratic,,FALSE,0.5375,,,,
11/03/2026,New Hampshire,NH,2,FALSE,FALSE,FALSE,Sununu,republican,,FALSE,0.4625,,,,
11/03/2026,New Jersey,NJ,2,FALSE,FALSE,FALSE,Booker,democratic,,FALSE,0.6,,,,
11/03/2026,New Jersey,NJ,2,FALSE,FALSE,FALSE,Murphy,republican,,FALSE,0.4,,,,
11/03/2026,New Mexico,NM,2,FALSE,FALSE,FALSE,Luján,democratic,,FALSE,0.6,,,,
11/03/2026,New Mexico,NM,2,FALSE,FALSE,FALSE,Marker,republican,,FALSE,0.4,,,,
11/03/2026,North Carolina,NC,2,FALSE,FALSE,FALSE,Cooper,democratic,,FALSE,0.557142857,,,,
11/03/2026,North Carolina,NC,2,FALSE,FALSE,FALSE,Whatley,republican,,FALSE,0.442857143,,,,
11/03/2026,Ohio,OH,1,TRUE,FALSE,FALSE,Brown,democratic,,FALSE,0.506428571,,,,
11/03/2026,Ohio,OH,1,TRUE,FALSE,FALSE,Husted,republican,,FALSE,0.493571429,,,,
11/03/2026,Oklahoma,OK,2,FALSE,FALSE,FALSE,Thomas,democratic,,FALSE,0.4,,,,
11/03/2026,Oklahoma,OK,2,FALSE,FALSE,FALSE,Hern,republican,,FALSE,0.6,,,,
11/03/2026,Oregon,OR,2,FALSE,FALSE,FALSE,Merkley,democratic,,FALSE,0.6,,,,
11/03/2026,Oregon,OR,2,FALSE,FALSE,FALSE,Smith,republican,,FALSE,0.4,,,,
11/03/2026,Rhode Island,RI,2,FALSE,FALSE,FALSE,Reed,democratic,,FALSE,0.6,,,,
11/03/2026,Rhode Island,RI,2,FALSE,FALSE,FALSE,McKay,republican,,FALSE,0.4,,,,
11/03/2026,South Carolina,SC,2,FALSE,FALSE,FALSE,Andrews,democratic,,FALSE,0.4625,,,,
11/03/2026,South Carolina,SC,2,FALSE,FALSE,FALSE,Graham,republican,,FALSE,0.5375,,,,
11/03/2026,South Dakota,SD,2,FALSE,FALSE,FALSE,Bengs,independentd,,FALSE,0.4,,,,
11/03/2026,South Dakota,SD,2,FALSE,FALSE,FALSE,Rounds,republican,,FALSE,0.6,,,,
11/03/2026,Tennessee,TN,2,FALSE,FALSE,FALSE,Bradshaw,democratic,,FALSE,0.4,,,,
11/03/2026,Tennessee,TN,2,FALSE,FALSE,FALSE,Hagerty,republican,,FALSE,0.6,,,,
11/03/2026,Texas,TX,2,FALSE,FALSE,FALSE,Talarico,democratic,,FALSE,0.507857143,,,,
11/03/2026,Texas,TX,2,FALSE,FALSE,FALSE,Paxton,republican,,FALSE,0.492142857,,,,
11/03/2026,Virginia,VA,2,FALSE,FALSE,FALSE,Warner,democratic,,FALSE,0.6,,,,
11/03/2026,Virginia,VA,2,FALSE,FALSE,FALSE,Mizusawa,republican,,FALSE,0.4,,,,
11/03/2026,West Virginia,WV,2,FALSE,FALSE,FALSE,Anderson,democratic,,FALSE,0.4,,,,
11/03/2026,West Virginia,WV,2,FALSE,FALSE,FALSE,Capito,republican,,FALSE,0.6,,,,
11/03/2026,Wyoming,WY,2,FALSE,FALSE,FALSE,Byrd,democratic,,FALSE,0.4,,,,
11/03/2026,Wyoming,WY,2,FALSE,FALSE,FALSE,Hageman,republican,,FALSE,0.6,,,,
