date,region,candidate,party,offyear,runoff,voteshare,disabled
08/03/1000,Coalition,reform,reflab,FALSE,FALSE,0,
08/03/1000,Coalition,labour,reflab,FALSE,FALSE,0,
08/03/1000,National Popular Vote,Independent,independent,FALSE,FALSE,17.39,
08/03/1000,National Popular Vote,Social Gospel Party,sgp,FALSE,FALSE,8.7,
08/03/1000,National Popular Vote,Labour,labour,FALSE,FALSE,21.74,
08/03/1000,National Popular Vote,Republican Federation,sdf,FALSE,FALSE,17.39,
08/03/1000,National Popular Vote,Reform Party,reform,FALSE,FALSE,34.78,
08/03/1000,Matatheste,Mokaeo,sgp,FALSE,FALSE,100,
08/03/1000,New Queria,Strong,reform,FALSE,FALSE,100,
08/03/1000,Yapburgh,Javer,sgp,FALSE,FALSE,51.22,
08/03/1000,Yapburgh,I Know How To Type,labour,FALSE,FALSE,48.78,
08/03/1000,Opplica,Chilicothe,reform,FALSE,FALSE,100,
08/03/1000,Rorcia,Daniel,independent,FALSE,FALSE,57.22,
08/03/1000,Rorcia,Baudshaw,sdf,FALSE,FALSE,26.56,
08/03/1000,Rorcia,How Do I Type,labour,FALSE,FALSE,16.22,
08/03/1000,Larimer,Edmund Montfort,reform,FALSE,FALSE,77.11,
08/03/1000,Larimer,Shane Daniels,sdf,FALSE,FALSE,22.89,
08/03/1000,Taclima,,,,,0,TRUE
08/03/1000,Porcerle,,,,,0,TRUE
08/03/1000,Estellia,Jeff Haffley,labour,FALSE,FALSE,100,
08/03/1000,Settigan,Junius de Corgy,sdf,FALSE,FALSE,64.41,
08/03/1000,Settigan,Arnold Whittier,reform,FALSE,FALSE,26.52,
08/03/1000,Settigan,Muzz Cheese,reform,FALSE,FALSE,9.07,
08/03/1000,Acalliana,Scott Osborn,independent,FALSE,FALSE,100,
08/03/1000,Cerbska,Dick Cheney,reform,FALSE,FALSE,100,
08/03/1000,Armallos,,,,,0,TRUE
08/03/1000,Cambria,Horsecrappe,labour,FALSE,FALSE,100,
08/03/1000,Calleoria,Archie,labour,FALSE,FALSE,100,
08/03/1000,Calleoria 2nd,Kier Starmer,labour,FALSE,FALSE,91.74,
08/03/1000,Calleoria 2nd,Andy Burnyap,independent,FALSE,FALSE,4.41,
08/03/1000,Calleoria 2nd,Marco,independent,FALSE,FALSE,3.85,
08/03/1000,Blesna,Beary,sgp,FALSE,FALSE,100,
08/03/1000,Kostos,Charlooz,labour,FALSE,FALSE,50,
08/03/1000,Kostos,The_Green_Bean,reform,FALSE,FALSE,50,
08/22/1001,Larimer,Thomas Lowestoft,reform,TRUE,FALSE,59.55,
08/22/1001,Larimer,Casey Quirk,reform,TRUE,FALSE,12.1,
08/22/1001,Larimer,Shane Daniels,sdf,TRUE,FALSE,28.35,
08/22/1001,Calleoria,Pika,sdf,TRUE,FALSE,64.48,
08/22/1001,Calleoria,Andy Burnyap,sgp,TRUE,FALSE,35.52,
08/22/1001,Calleoria 2nd,Andy Burnyap,sgp,TRUE,FALSE,100,
08/22/1001,Taclima,Aurelia,sdf,TRUE,FALSE,100,
08/22/1001,Armallos,,,,,0,TRUE
08/22/1001,Porcerle,,,,,0,TRUE
08/30/1002,National Popular Vote,Independent,independent,FALSE,FALSE,15.39,
08/30/1002,National Popular Vote,Social Gospel Party,sgp,FALSE,FALSE,12.7,
08/30/1002,National Popular Vote,Labour,labour,FALSE,FALSE,19.74,
08/30/1002,National Popular Vote,Republican Federation,sdf,FALSE,FALSE,17.39,
08/30/1002,National Popular Vote,Reform Party,reform,FALSE,FALSE,34.78,
08/30/1002,Acalliana,Archie,labour,FALSE,FALSE,100,
08/30/1002,Blesna,Beary,sgp,FALSE,FALSE,100,
08/30/1002,Calleoria,Purrium,sgp,FALSE,FALSE,35.46,
08/30/1002,Calleoria,Halogram,labour,FALSE,FALSE,64.54,
08/30/1002,Kostos,charlo00z,labour,FALSE,FALSE,100,
08/30/1002,Larimer,Tanklessrook,reform,FALSE,FALSE,100,
08/30/1002,New Queria,Strong_TGK,reform,FALSE,FALSE,100,
08/30/1002,Rorcia,Baudshaw,sdf,FALSE,FALSE,69.55,
08/30/1002,Rorcia,Athabasca,labour,FALSE,FALSE,30.45,
08/30/1002,Settigan,Hirat Locanius,sdf,FALSE,FALSE,100,
08/30/1002,Yapburgh,Javer,sgp,FALSE,FALSE,100,
08/30/1002,Cambria,?,labour,FALSE,FALSE,100,
08/30/1002,Cerbska,?,reform,FALSE,FALSE,100,
08/30/1002,Estellia,?,independent,FALSE,FALSE,100,
08/30/1002,Taclima,?,independent,FALSE,FALSE,100,
08/30/1002,Porcerle,,,,,0,TRUE
08/30/1002,Opplica,,,,,0,TRUE
08/30/1002,Matatheste,,,,,0,TRUE
08/30/1002,Armallos,,,,,0,TRUE
09/27/1004,Yapburgh,Javer,sr,FALSE,FALSE,100,
09/27/1004,Calleoria,Tristiano,labour,FALSE,FALSE,70.41,
09/27/1004,Calleoria,Pika,sr,FALSE,FALSE,29.59,
09/27/1004,Larimer,Tanklessrook,independent,FALSE,FALSE,64.22,
09/27/1004,Larimer,Casey Quirk,independent,FALSE,FALSE,35.78,
09/27/1004,New Queria,Len Pinecone,labour,FALSE,FALSE,51.66,
09/27/1004,New Queria,Strong_TGK,reform,FALSE,FALSE,48.34,
09/27/1004,Rorcia,Baudshaw,sr,FALSE,FALSE,83.18,
09/27/1004,Rorcia,How Do I Type,labour,FALSE,FALSE,16.82,
09/27/1004,Settigan,Hirat Locanius,sr,FALSE,FALSE,89.53,
09/27/1004,Settigan,Arnold Whittier,independent,FALSE,FALSE,10.47,
09/27/1004,Acalliana,Archie,labour,FALSE,FALSE,100,
09/27/1004,Armallos,Dairy Duke,independent,FALSE,FALSE,100,
09/27/1004,Blesna,Rick,labour,FALSE,FALSE,100,
09/27/1004,Cambria,Asbestos Toothbrush,independent,FALSE,FALSE,100,
09/27/1004,Cerbska,Dick Cheney,labour,FALSE,FALSE,100,
09/27/1004,Estellia,Polo Moro,independent,FALSE,FALSE,59.98,
09/27/1004,Estellia,Jeff Haffley,labour,FALSE,FALSE,40.02,
09/27/1004,Kostos,Michael Jackson,labour,FALSE,FALSE,100,
09/27/1004,Matatheste,Mikado,sr,FALSE,FALSE,100,
09/27/1004,Opplica,Peter Anderson,sr,FALSE,FALSE,100,
09/27/1004,Porcerle,High King Floof,sr,FALSE,FALSE,100,
09/27/1004,Taclima,Van der Plan,independent,FALSE,FALSE,52.12,
09/27/1004,Taclima,Luz,sr,FALSE,FALSE,47.88,
