date,round,region,candidate,party,voteshare,disabled
08/03/1000,1,Appropriation 1,,,0,TRUE
08/03/1000,1,Appropriation 2,,,0,TRUE
08/03/1000,1,Appropriation 3,,,0,TRUE
08/03/1000,1,Appropriation 4,,,0,TRUE
08/03/1000,1,Appropriation 5,,,0,TRUE
08/03/1000,1,Appropriation 6,,,0,TRUE
08/03/1000,1,National Popular Vote,Beary,sgp,23.81,
08/03/1000,1,National Popular Vote,Baudshaw,sdf,23.81,
08/03/1000,1,National Popular Vote,Mew,reform,52.38,
08/03/1000,1,Matatheste,Beary,sgp,100,
08/03/1000,1,Matatheste,Baudshaw,sdf,0,
08/03/1000,1,Matatheste,Mew,reform,0,
08/03/1000,1,New Queria,Beary,sgp,100,
08/03/1000,1,New Queria,Baudshaw,sdf,0,
08/03/1000,1,New Queria,Mew,reform,0,
08/03/1000,1,Yapburgh,Beary,sgp,50,
08/03/1000,1,Yapburgh,Baudshaw,sdf,0,
08/03/1000,1,Yapburgh,Mew,reform,50,
08/03/1000,1,Opplica,Beary,sgp,0,
08/03/1000,1,Opplica,Baudshaw,sdf,36.45,
08/03/1000,1,Opplica,Mew,reform,63.55,
08/03/1000,1,Rorcia,Beary,sgp,44.51,
08/03/1000,1,Rorcia,Baudshaw,sdf,12.49,
08/03/1000,1,Rorcia,Mew,reform,41.88,
08/03/1000,1,Rorcia,Friedrich Wilhelm der Dritte,independent,1.12,
08/03/1000,1,Larimer,Beary,sgp,10.95,
08/03/1000,1,Larimer,Baudshaw,sdf,15.22,
08/03/1000,1,Larimer,Mew,reform,73.83,
08/03/1000,1,Porcerle,,,0,TRUE
08/03/1000,1,Taclima,,,0,TRUE
08/03/1000,1,Estellia,Beary,sgp,100,
08/03/1000,1,Estellia,Baudshaw,sdf,0,
08/03/1000,1,Estellia,Mew,reform,0,
08/03/1000,1,Settigan,Beary,sgp,3.92,
08/03/1000,1,Settigan,Baudshaw,sdf,38.53,
08/03/1000,1,Settigan,Mew,reform,57.55,
08/03/1000,1,Acalliana,Beary,sgp,0,
08/03/1000,1,Acalliana,Baudshaw,sdf,0,
08/03/1000,1,Acalliana,Mew,reform,100,
08/03/1000,1,Cerbska,Beary,sgp,0,
08/03/1000,1,Cerbska,Baudshaw,sdf,0,
08/03/1000,1,Cerbska,Mew,reform,100,
08/03/1000,1,Armallos,Beary,sgp,0,
08/03/1000,1,Armallos,Baudshaw,sdf,0,
08/03/1000,1,Armallos,Mew,reform,100,
08/03/1000,1,Cambria,Beary,sgp,100,
08/03/1000,1,Cambria,Baudshaw,sdf,0,
08/03/1000,1,Cambria,Mew,reform,0,
08/03/1000,1,Calleoria,Beary,sgp,33.39,
08/03/1000,1,Calleoria,Baudshaw,sdf,54.22,
08/03/1000,1,Calleoria,Mew,reform,12.39,
08/03/1000,1,Blesna,Beary,sgp,100,
08/03/1000,1,Blesna,Baudshaw,sdf,0,
08/03/1000,1,Blesna,Mew,reform,0,
08/03/1000,1,Kostos,Beary,sgp,0,
08/03/1000,1,Kostos,Baudshaw,sdf,0,
08/03/1000,1,Kostos,Mew,reform,100,
08/03/1000,2,Appropriation 1,Beary,sgp,100,
08/03/1000,2,Appropriation 2,Mew,reform,100,
08/03/1000,2,Appropriation 3,,,0,TRUE
08/03/1000,2,Appropriation 4,,,0,TRUE
08/03/1000,2,National Popular Vote,Beary,sgp,35.63,
08/03/1000,2,National Popular Vote,Mew,reform,64.37,
08/03/1000,2,Matatheste,Beary,sgp,100,
08/03/1000,2,Matatheste,Mew,reform,0,
08/03/1000,2,New Queria,Beary,sgp,100,
08/03/1000,2,New Queria,Mew,reform,0,
08/03/1000,2,Yapburgh,Beary,sgp,50,
08/03/1000,2,Yapburgh,Mew,reform,50,
08/03/1000,2,Opplica,Beary,sgp,0,
08/03/1000,2,Opplica,Mew,reform,100,
08/03/1000,2,Rorcia,Beary,sgp,55.71,
08/03/1000,2,Rorcia,Mew,reform,44.29,
08/03/1000,2,Larimer,Beary,sgp,25.45,
08/03/1000,2,Larimer,Mew,reform,74.55,
08/03/1000,2,Porcerle,,,0,TRUE
08/03/1000,2,Taclima,,,0,TRUE
08/03/1000,2,Estellia,Beary,sgp,100,
08/03/1000,2,Estellia,Mew,reform,0,
08/03/1000,2,Settigan,Beary,sgp,37.75,
08/03/1000,2,Settigan,Mew,reform,62.25,
08/03/1000,2,Acalliana,Beary,sgp,0,
08/03/1000,2,Acalliana,Mew,reform,100,
08/03/1000,2,Cerbska,Beary,sgp,0,
08/03/1000,2,Cerbska,Mew,reform,100,
08/03/1000,2,Armallos,Beary,sgp,0,
08/03/1000,2,Armallos,Mew,reform,100,
08/03/1000,2,Cambria,Beary,sgp,100,
08/03/1000,2,Cambria,Mew,reform,0,
08/03/1000,2,Calleoria,Beary,sgp,74.2,
08/03/1000,2,Calleoria,Mew,reform,25.8,
08/03/1000,2,Blesna,Beary,sgp,100,
08/03/1000,2,Blesna,Mew,reform,0,
08/03/1000,2,Kostos,Beary,sgp,0,
08/03/1000,2,Kostos,Mew,reform,100,
